,id,Provincia,Año,Trimestre,Accesos por cada 100 hogares,acceso_actual,nuevo_acceso,KPI
936,20141Buenos Aires,Buenos Aires,2014,1,54.57007287943976,54.57007287943976,55.06141695143392,0.9
912,20142Buenos Aires,Buenos Aires,2014,2,55.06141695143392,55.06141695143392,56.754739164071026,3.08
888,20143Buenos Aires,Buenos Aires,2014,3,56.754739164071026,56.754739164071026,56.09433653019754,-1.16
864,20144Buenos Aires,Buenos Aires,2014,4,56.09433653019754,56.09433653019754,56.37048433026737,0.49
840,20151Buenos Aires,Buenos Aires,2015,1,56.37048433026737,56.37048433026737,56.80280561439208,0.77
816,20152Buenos Aires,Buenos Aires,2015,2,56.80280561439208,56.80280561439208,57.68868105608009,1.56
792,20153Buenos Aires,Buenos Aires,2015,3,57.68868105608009,57.68868105608009,58.29182182733718,1.05
768,20154Buenos Aires,Buenos Aires,2015,4,58.29182182733718,58.29182182733718,57.33590782254113,-1.64
744,20161Buenos Aires,Buenos Aires,2016,1,57.33590782254113,57.33590782254113,59.33852679105808,3.49
720,20162Buenos Aires,Buenos Aires,2016,2,59.33852679105808,59.33852679105808,60.14329545468815,1.36
696,20163Buenos Aires,Buenos Aires,2016,3,60.14329545468815,60.14329545468815,61.236587430356856,1.82
672,20164Buenos Aires,Buenos Aires,2016,4,61.236587430356856,61.236587430356856,58.57400244920328,-4.35
648,20171Buenos Aires,Buenos Aires,2017,1,58.57400244920328,58.57400244920328,56.272144161691315,-3.93
624,20172Buenos Aires,Buenos Aires,2017,2,56.272144161691315,56.272144161691315,55.62938339533962,-1.14
600,20173Buenos Aires,Buenos Aires,2017,3,55.62938339533962,55.62938339533962,57.609615290258205,3.56
576,20174Buenos Aires,Buenos Aires,2017,4,57.609615290258205,57.609615290258205,62.62621166168454,8.71
552,20181Buenos Aires,Buenos Aires,2018,1,62.62621166168454,62.62621166168454,62.78226651094991,0.25
528,20182Buenos Aires,Buenos Aires,2018,2,62.78226651094991,62.78226651094991,64.44056759752046,2.64
504,20183Buenos Aires,Buenos Aires,2018,3,64.44056759752046,64.44056759752046,64.60284663484316,0.25
480,20184Buenos Aires,Buenos Aires,2018,4,64.60284663484316,64.60284663484316,66.24255522736811,2.54
456,20191Buenos Aires,Buenos Aires,2019,1,66.24255522736811,66.24255522736811,67.84713982374198,2.42
432,20192Buenos Aires,Buenos Aires,2019,2,67.84713982374198,67.84713982374198,69.35630106079125,2.22
408,20193Buenos Aires,Buenos Aires,2019,3,69.35630106079125,69.35630106079125,64.25205288245421,-7.36
384,20194Buenos Aires,Buenos Aires,2019,4,64.25205288245421,64.25205288245421,64.32563101743429,0.11
360,20201Buenos Aires,Buenos Aires,2020,1,64.32563101743429,64.32563101743429,65.2205801358229,1.39
336,20202Buenos Aires,Buenos Aires,2020,2,65.2205801358229,65.2205801358229,67.65618983090923,3.73
312,20203Buenos Aires,Buenos Aires,2020,3,67.65618983090923,67.65618983090923,68.97702220170737,1.95
288,20204Buenos Aires,Buenos Aires,2020,4,68.97702220170737,68.97702220170737,69.10524076185938,0.19
264,20211Buenos Aires,Buenos Aires,2021,1,69.10524076185938,69.10524076185938,70.00330336027972,1.3
240,20212Buenos Aires,Buenos Aires,2021,2,70.00330336027972,70.00330336027972,71.68218940101933,2.4
216,20213Buenos Aires,Buenos Aires,2021,3,71.68218940101933,71.68218940101933,75.66410602338475,5.55
192,20214Buenos Aires,Buenos Aires,2021,4,75.66410602338475,75.66410602338475,76.07814661157262,0.55
168,20221Buenos Aires,Buenos Aires,2022,1,76.07814661157262,76.07814661157262,77.58,1.97
144,20222Buenos Aires,Buenos Aires,2022,2,77.58,77.58,78.11,0.68
120,20223Buenos Aires,Buenos Aires,2022,3,78.11,78.11,78.94,1.06
96,20224Buenos Aires,Buenos Aires,2022,4,78.94,78.94,79.0,0.08
72,20231Buenos Aires,Buenos Aires,2023,1,79.0,79.0,79.67,0.85
48,20232Buenos Aires,Buenos Aires,2023,2,79.67,79.67,80.64,1.22
24,20233Buenos Aires,Buenos Aires,2023,3,80.64,80.64,80.96,0.4
937,20141Capital Federal,Capital Federal,2014,1,112.25412278926912,112.25412278926912,113.1433524754098,0.79
913,20142Capital Federal,Capital Federal,2014,2,113.1433524754098,113.1433524754098,113.8005123324155,0.58
889,20143Capital Federal,Capital Federal,2014,3,113.8005123324155,113.8005123324155,114.89676550801624,0.96
865,20144Capital Federal,Capital Federal,2014,4,114.89676550801624,114.89676550801624,114.89699714890288,0.0
841,20151Capital Federal,Capital Federal,2015,1,114.89699714890288,114.89699714890288,116.06627091860372,1.02
817,20152Capital Federal,Capital Federal,2015,2,116.06627091860372,116.06627091860372,118.2892111643196,1.92
793,20153Capital Federal,Capital Federal,2015,3,118.2892111643196,118.2892111643196,118.13036321153808,-0.13
769,20154Capital Federal,Capital Federal,2015,4,118.13036321153808,118.13036321153808,115.16005888884816,-2.51
745,20161Capital Federal,Capital Federal,2016,1,115.16005888884816,115.16005888884816,120.03953504825309,4.24
721,20162Capital Federal,Capital Federal,2016,2,120.03953504825309,120.03953504825309,120.77287775101534,0.61
697,20163Capital Federal,Capital Federal,2016,3,120.77287775101534,120.77287775101534,120.63133173632356,-0.12
673,20164Capital Federal,Capital Federal,2016,4,120.63133173632356,120.63133173632356,108.36920836560806,-10.16
649,20171Capital Federal,Capital Federal,2017,1,108.36920836560806,108.36920836560806,124.06139375642525,14.48
625,20172Capital Federal,Capital Federal,2017,2,124.06139375642525,124.06139375642525,121.85832590969336,-1.78
601,20173Capital Federal,Capital Federal,2017,3,121.85832590969336,121.85832590969336,122.89742418734993,0.85
577,20174Capital Federal,Capital Federal,2017,4,122.89742418734993,122.89742418734993,106.23567174586836,-13.56
553,20181Capital Federal,Capital Federal,2018,1,106.23567174586836,106.23567174586836,106.53494128146691,0.28
529,20182Capital Federal,Capital Federal,2018,2,106.53494128146691,106.53494128146691,108.44591411021922,1.79
505,20183Capital Federal,Capital Federal,2018,3,108.44591411021922,108.44591411021922,108.27314997057414,-0.16
481,20184Capital Federal,Capital Federal,2018,4,108.27314997057414,108.27314997057414,109.19616455883845,0.85
457,20191Capital Federal,Capital Federal,2019,1,109.19616455883845,109.19616455883845,110.54556699485232,1.24
433,20192Capital Federal,Capital Federal,2019,2,110.54556699485232,110.54556699485232,112.6453878037209,1.9
409,20193Capital Federal,Capital Federal,2019,3,112.6453878037209,112.6453878037209,106.24546751041056,-5.68
385,20194Capital Federal,Capital Federal,2019,4,106.24546751041056,106.24546751041056,105.98017414181908,-0.25
361,20201Capital Federal,Capital Federal,2020,1,105.98017414181908,105.98017414181908,106.41480599073644,0.41
337,20202Capital Federal,Capital Federal,2020,2,106.41480599073644,106.41480599073644,107.6759011657323,1.19
313,20203Capital Federal,Capital Federal,2020,3,107.6759011657323,107.6759011657323,108.31107489043508,0.59
289,20204Capital Federal,Capital Federal,2020,4,108.31107489043508,108.31107489043508,108.4199392232935,0.1
265,20211Capital Federal,Capital Federal,2021,1,108.4199392232935,108.4199392232935,110.14440203212098,1.59
241,20212Capital Federal,Capital Federal,2021,2,110.14440203212098,110.14440203212098,111.27105514250894,1.02
217,20213Capital Federal,Capital Federal,2021,3,111.27105514250894,111.27105514250894,111.27002612891737,-0.0
193,20214Capital Federal,Capital Federal,2021,4,111.27002612891737,111.27002612891737,111.79786269174652,0.47
169,20221Capital Federal,Capital Federal,2022,1,111.79786269174652,111.79786269174652,121.31,8.51
145,20222Capital Federal,Capital Federal,2022,2,121.31,121.31,122.28,0.8
121,20223Capital Federal,Capital Federal,2022,3,122.28,122.28,122.73,0.37
97,20224Capital Federal,Capital Federal,2022,4,122.73,122.73,122.59,-0.11
73,20231Capital Federal,Capital Federal,2023,1,122.59,122.59,115.48,-5.8
49,20232Capital Federal,Capital Federal,2023,2,115.48,115.48,116.4,0.8
25,20233Capital Federal,Capital Federal,2023,3,116.4,116.4,117.02,0.53
938,20141Catamarca,Catamarca,2014,1,24.251751254585553,24.251751254585553,24.703118860058403,1.86
914,20142Catamarca,Catamarca,2014,2,24.703118860058403,24.703118860058403,24.706121305327624,0.01
890,20143Catamarca,Catamarca,2014,3,24.706121305327624,24.706121305327624,25.513779082748,3.27
866,20144Catamarca,Catamarca,2014,4,25.513779082748,25.513779082748,25.10946633078758,-1.58
842,20151Catamarca,Catamarca,2015,1,25.10946633078758,25.10946633078758,25.45341804469818,1.37
818,20152Catamarca,Catamarca,2015,2,25.45341804469818,25.45341804469818,25.863781184637624,1.61
794,20153Catamarca,Catamarca,2015,3,25.863781184637624,25.863781184637624,26.23945178859185,1.45
770,20154Catamarca,Catamarca,2015,4,26.23945178859185,26.23945178859185,25.910217981190534,-1.25
746,20161Catamarca,Catamarca,2016,1,25.910217981190534,25.910217981190534,26.07418805974065,0.63
722,20162Catamarca,Catamarca,2016,2,26.07418805974065,26.07418805974065,26.48067675746367,1.56
698,20163Catamarca,Catamarca,2016,3,26.48067675746367,26.48067675746367,26.543515589961913,0.24
674,20164Catamarca,Catamarca,2016,4,26.543515589961913,26.543515589961913,25.659350838021503,-3.33
650,20171Catamarca,Catamarca,2017,1,25.659350838021503,25.659350838021503,25.97712106768351,1.24
626,20172Catamarca,Catamarca,2017,2,25.97712106768351,25.97712106768351,32.49092567790524,25.08
602,20173Catamarca,Catamarca,2017,3,32.49092567790524,32.49092567790524,28.620950093924897,-11.91
578,20174Catamarca,Catamarca,2017,4,28.620950093924897,28.620950093924897,32.79361613741535,14.58
554,20181Catamarca,Catamarca,2018,1,32.79361613741535,32.79361613741535,32.8575008674866,0.19
530,20182Catamarca,Catamarca,2018,2,32.8575008674866,32.8575008674866,32.91594537411041,0.18
506,20183Catamarca,Catamarca,2018,3,32.91594537411041,32.91594537411041,32.225346166025346,-2.1
482,20184Catamarca,Catamarca,2018,4,32.225346166025346,32.225346166025346,32.190488956121285,-0.11
458,20191Catamarca,Catamarca,2019,1,32.190488956121285,32.190488956121285,32.13095022019278,-0.18
434,20192Catamarca,Catamarca,2019,2,32.13095022019278,32.13095022019278,30.883614526737205,-3.88
410,20193Catamarca,Catamarca,2019,3,30.883614526737205,30.883614526737205,36.43842912715547,17.99
386,20194Catamarca,Catamarca,2019,4,36.43842912715547,36.43842912715547,37.615427687460254,3.23
362,20201Catamarca,Catamarca,2020,1,37.615427687460254,37.615427687460254,45.43181818181818,20.78
338,20202Catamarca,Catamarca,2020,2,45.43181818181818,45.43181818181818,47.15709898417198,3.8
314,20203Catamarca,Catamarca,2020,3,47.15709898417198,47.15709898417198,49.40688354549741,4.77
290,20204Catamarca,Catamarca,2020,4,49.40688354549741,49.40688354549741,48.89909292784824,-1.03
266,20211Catamarca,Catamarca,2021,1,48.89909292784824,48.89909292784824,52.34030966263861,7.04
242,20212Catamarca,Catamarca,2021,2,52.34030966263861,52.34030966263861,52.709793486001274,0.71
218,20213Catamarca,Catamarca,2021,3,52.709793486001274,52.709793486001274,55.2526999859741,4.82
194,20214Catamarca,Catamarca,2021,4,55.2526999859741,55.2526999859741,58.20635083561171,5.35
170,20221Catamarca,Catamarca,2022,1,58.20635083561171,58.20635083561171,62.4,7.2
146,20222Catamarca,Catamarca,2022,2,62.4,62.4,65.33,4.7
122,20223Catamarca,Catamarca,2022,3,65.33,65.33,65.77,0.67
98,20224Catamarca,Catamarca,2022,4,65.77,65.77,66.17,0.61
74,20231Catamarca,Catamarca,2023,1,66.17,66.17,67.42,1.89
50,20232Catamarca,Catamarca,2023,2,67.42,67.42,68.55,1.68
26,20233Catamarca,Catamarca,2023,3,68.55,68.55,68.63,0.12
939,20141Chaco,Chaco,2014,1,20.71853886384081,20.71853886384081,20.95799636749445,1.16
915,20142Chaco,Chaco,2014,2,20.95799636749445,20.95799636749445,21.112666705262427,0.74
891,20143Chaco,Chaco,2014,3,21.112666705262427,21.112666705262427,21.87078320023224,3.59
867,20144Chaco,Chaco,2014,4,21.87078320023224,21.87078320023224,26.649591220305552,21.85
843,20151Chaco,Chaco,2015,1,26.649591220305552,26.649591220305552,27.46453938839946,3.06
819,20152Chaco,Chaco,2015,2,27.46453938839946,27.46453938839946,27.963072793479412,1.82
795,20153Chaco,Chaco,2015,3,27.963072793479412,27.963072793479412,28.35056623514143,1.39
771,20154Chaco,Chaco,2015,4,28.35056623514143,28.35056623514143,28.07514644775236,-0.97
747,20161Chaco,Chaco,2016,1,28.07514644775236,28.07514644775236,28.5935505552226,1.85
723,20162Chaco,Chaco,2016,2,28.5935505552226,28.5935505552226,28.910749068480953,1.11
699,20163Chaco,Chaco,2016,3,28.910749068480953,28.910749068480953,28.786656085255263,-0.43
675,20164Chaco,Chaco,2016,4,28.786656085255263,28.786656085255263,28.62166053842791,-0.57
651,20171Chaco,Chaco,2017,1,28.62166053842791,28.62166053842791,29.045524775453423,1.48
627,20172Chaco,Chaco,2017,2,29.045524775453423,29.045524775453423,29.975925647657625,3.2
603,20173Chaco,Chaco,2017,3,29.975925647657625,29.975925647657625,30.808158111236537,2.78
579,20174Chaco,Chaco,2017,4,30.808158111236537,30.808158111236537,30.829927645702472,0.07
555,20181Chaco,Chaco,2018,1,30.829927645702472,30.829927645702472,31.251704996034892,1.37
531,20182Chaco,Chaco,2018,2,31.251704996034892,31.251704996034892,32.283100833077576,3.3
507,20183Chaco,Chaco,2018,3,32.283100833077576,32.283100833077576,32.59096087632982,0.95
483,20184Chaco,Chaco,2018,4,32.59096087632982,32.59096087632982,32.635876579429485,0.14
459,20191Chaco,Chaco,2019,1,32.635876579429485,32.635876579429485,34.14026097986763,4.61
435,20192Chaco,Chaco,2019,2,34.14026097986763,34.14026097986763,35.8460309754608,5.0
411,20193Chaco,Chaco,2019,3,35.8460309754608,35.8460309754608,36.835478630342415,2.76
387,20194Chaco,Chaco,2019,4,36.835478630342415,36.835478630342415,37.483833369172615,1.76
363,20201Chaco,Chaco,2020,1,37.483833369172615,37.483833369172615,39.83250279006581,6.27
339,20202Chaco,Chaco,2020,2,39.83250279006581,39.83250279006581,41.54192057806515,4.29
315,20203Chaco,Chaco,2020,3,41.54192057806515,41.54192057806515,43.030788649779105,3.58
291,20204Chaco,Chaco,2020,4,43.030788649779105,43.030788649779105,43.13649241708794,0.25
267,20211Chaco,Chaco,2021,1,43.13649241708794,43.13649241708794,43.32762729293539,0.44
243,20212Chaco,Chaco,2021,2,43.32762729293539,43.32762729293539,42.96241007967663,-0.84
219,20213Chaco,Chaco,2021,3,42.96241007967663,42.96241007967663,44.04856389025934,2.53
195,20214Chaco,Chaco,2021,4,44.04856389025934,44.04856389025934,44.05948009941883,0.02
171,20221Chaco,Chaco,2022,1,44.05948009941883,44.05948009941883,43.79,-0.61
147,20222Chaco,Chaco,2022,2,43.79,43.79,43.86,0.16
123,20223Chaco,Chaco,2022,3,43.86,43.86,43.62,-0.55
99,20224Chaco,Chaco,2022,4,43.62,43.62,43.15,-1.08
75,20231Chaco,Chaco,2023,1,43.15,43.15,42.87,-0.65
51,20232Chaco,Chaco,2023,2,42.87,42.87,42.87,0.0
27,20233Chaco,Chaco,2023,3,42.87,42.87,44.35,3.45
940,20141Chubut,Chubut,2014,1,41.23521807972435,41.23521807972435,41.41020981991258,0.42
916,20142Chubut,Chubut,2014,2,41.41020981991258,41.41020981991258,40.59867094427454,-1.96
892,20143Chubut,Chubut,2014,3,40.59867094427454,40.59867094427454,40.24927468450274,-0.86
868,20144Chubut,Chubut,2014,4,40.24927468450274,40.24927468450274,37.612780685907914,-6.55
844,20151Chubut,Chubut,2015,1,37.612780685907914,37.612780685907914,36.58246720458481,-2.74
820,20152Chubut,Chubut,2015,2,36.58246720458481,36.58246720458481,36.81180991463324,0.63
796,20153Chubut,Chubut,2015,3,36.81180991463324,36.81180991463324,36.89017827786587,0.21
772,20154Chubut,Chubut,2015,4,36.89017827786587,36.89017827786587,36.0927055378499,-2.16
748,20161Chubut,Chubut,2016,1,36.0927055378499,36.0927055378499,36.12438565556337,0.09
724,20162Chubut,Chubut,2016,2,36.12438565556337,36.12438565556337,36.17869442878647,0.15
700,20163Chubut,Chubut,2016,3,36.17869442878647,36.17869442878647,36.07290546427898,-0.29
676,20164Chubut,Chubut,2016,4,36.07290546427898,36.07290546427898,35.662220237763016,-1.14
652,20171Chubut,Chubut,2017,1,35.662220237763016,35.662220237763016,35.54601117914412,-0.33
628,20172Chubut,Chubut,2017,2,35.54601117914412,35.54601117914412,46.21537746651841,30.02
604,20173Chubut,Chubut,2017,3,46.21537746651841,46.21537746651841,51.46309626749354,11.35
580,20174Chubut,Chubut,2017,4,51.46309626749354,51.46309626749354,53.71560488248906,4.38
556,20181Chubut,Chubut,2018,1,53.71560488248906,53.71560488248906,54.90230333735512,2.21
532,20182Chubut,Chubut,2018,2,54.90230333735512,54.90230333735512,56.391745852269025,2.71
508,20183Chubut,Chubut,2018,3,56.391745852269025,56.391745852269025,42.61093609604538,-24.44
484,20184Chubut,Chubut,2018,4,42.61093609604538,42.61093609604538,42.99773633717796,0.91
460,20191Chubut,Chubut,2019,1,42.99773633717796,42.99773633717796,46.98798413626923,9.28
436,20192Chubut,Chubut,2019,2,46.98798413626923,46.98798413626923,47.56624162293312,1.23
412,20193Chubut,Chubut,2019,3,47.56624162293312,47.56624162293312,51.14501785514712,7.52
388,20194Chubut,Chubut,2019,4,51.14501785514712,51.14501785514712,51.26848941909703,0.24
364,20201Chubut,Chubut,2020,1,51.26848941909703,51.26848941909703,57.344613387235526,11.85
340,20202Chubut,Chubut,2020,2,57.344613387235526,57.344613387235526,68.34389815720037,19.18
316,20203Chubut,Chubut,2020,3,68.34389815720037,68.34389815720037,68.35189915825622,0.01
292,20204Chubut,Chubut,2020,4,68.35189915825622,68.35189915825622,68.9942808881567,0.94
268,20211Chubut,Chubut,2021,1,68.9942808881567,68.9942808881567,72.29410481936469,4.78
244,20212Chubut,Chubut,2021,2,72.29410481936469,72.29410481936469,80.70973847657562,11.64
220,20213Chubut,Chubut,2021,3,80.70973847657562,80.70973847657562,82.57340063871433,2.31
196,20214Chubut,Chubut,2021,4,82.57340063871433,82.57340063871433,88.05274093835774,6.64
172,20221Chubut,Chubut,2022,1,88.05274093835774,88.05274093835774,83.19,-5.52
148,20222Chubut,Chubut,2022,2,83.19,83.19,84.38,1.43
124,20223Chubut,Chubut,2022,3,84.38,84.38,85.57,1.41
100,20224Chubut,Chubut,2022,4,85.57,85.57,85.89,0.37
76,20231Chubut,Chubut,2023,1,85.89,85.89,82.49,-3.96
52,20232Chubut,Chubut,2023,2,82.49,82.49,84.23,2.11
28,20233Chubut,Chubut,2023,3,84.23,84.23,84.96,0.87
942,20141Corrientes,Corrientes,2014,1,22.316716713838876,22.316716713838876,22.575613003243586,1.16
918,20142Corrientes,Corrientes,2014,2,22.575613003243586,22.575613003243586,22.78753503515243,0.94
894,20143Corrientes,Corrientes,2014,3,22.78753503515243,22.78753503515243,23.56243099277512,3.4
870,20144Corrientes,Corrientes,2014,4,23.56243099277512,23.56243099277512,28.95019128190928,22.87
846,20151Corrientes,Corrientes,2015,1,28.95019128190928,28.95019128190928,29.584012668108493,2.19
822,20152Corrientes,Corrientes,2015,2,29.584012668108493,29.584012668108493,30.16741240901903,1.97
798,20153Corrientes,Corrientes,2015,3,30.16741240901903,30.16741240901903,30.33643144533882,0.56
774,20154Corrientes,Corrientes,2015,4,30.33643144533882,30.33643144533882,30.080785004133055,-0.84
750,20161Corrientes,Corrientes,2016,1,30.080785004133055,30.080785004133055,30.580162046616557,1.66
726,20162Corrientes,Corrientes,2016,2,30.580162046616557,30.580162046616557,31.066878826051184,1.59
702,20163Corrientes,Corrientes,2016,3,31.066878826051184,31.066878826051184,30.98107037649768,-0.28
678,20164Corrientes,Corrientes,2016,4,30.98107037649768,30.98107037649768,30.940600109644144,-0.13
654,20171Corrientes,Corrientes,2017,1,30.940600109644144,30.940600109644144,31.38612136835505,1.44
630,20172Corrientes,Corrientes,2017,2,31.38612136835505,31.38612136835505,32.16543574593796,2.48
606,20173Corrientes,Corrientes,2017,3,32.16543574593796,32.16543574593796,32.51511831118755,1.09
582,20174Corrientes,Corrientes,2017,4,32.51511831118755,32.51511831118755,32.66346087317512,0.46
558,20181Corrientes,Corrientes,2018,1,32.66346087317512,32.66346087317512,33.80975390881165,3.51
534,20182Corrientes,Corrientes,2018,2,33.80975390881165,33.80975390881165,34.24993887383215,1.3
510,20183Corrientes,Corrientes,2018,3,34.24993887383215,34.24993887383215,34.56627656869549,0.92
486,20184Corrientes,Corrientes,2018,4,34.56627656869549,34.56627656869549,35.13498688698812,1.65
462,20191Corrientes,Corrientes,2019,1,35.13498688698812,35.13498688698812,38.15558588418795,8.6
438,20192Corrientes,Corrientes,2019,2,38.15558588418795,38.15558588418795,38.48535113586719,0.86
414,20193Corrientes,Corrientes,2019,3,38.48535113586719,38.48535113586719,38.767440989262106,0.73
390,20194Corrientes,Corrientes,2019,4,38.767440989262106,38.767440989262106,38.729079942230904,-0.1
366,20201Corrientes,Corrientes,2020,1,38.729079942230904,38.729079942230904,40.30476267979574,4.07
342,20202Corrientes,Corrientes,2020,2,40.30476267979574,40.30476267979574,41.750749470464434,3.59
318,20203Corrientes,Corrientes,2020,3,41.750749470464434,41.750749470464434,42.42828394694903,1.62
294,20204Corrientes,Corrientes,2020,4,42.42828394694903,42.42828394694903,42.664128438821415,0.56
270,20211Corrientes,Corrientes,2021,1,42.664128438821415,42.664128438821415,43.5411637336848,2.06
246,20212Corrientes,Corrientes,2021,2,43.5411637336848,43.5411637336848,44.90088312664412,3.12
222,20213Corrientes,Corrientes,2021,3,44.90088312664412,44.90088312664412,45.51016102946347,1.36
198,20214Corrientes,Corrientes,2021,4,45.51016102946347,45.51016102946347,47.644635141502334,4.69
174,20221Corrientes,Corrientes,2022,1,47.644635141502334,47.644635141502334,48.35,1.48
150,20222Corrientes,Corrientes,2022,2,48.35,48.35,48.21,-0.29
126,20223Corrientes,Corrientes,2022,3,48.21,48.21,51.64,7.11
102,20224Corrientes,Corrientes,2022,4,51.64,51.64,52.05,0.79
78,20231Corrientes,Corrientes,2023,1,52.05,52.05,52.37,0.61
54,20232Corrientes,Corrientes,2023,2,52.37,52.37,52.78,0.78
30,20233Corrientes,Corrientes,2023,3,52.78,52.78,52.56,-0.42
941,20141Córdoba,Córdoba,2014,1,52.517847544006315,52.517847544006315,53.448126115626,1.77
917,20142Córdoba,Córdoba,2014,2,53.448126115626,53.448126115626,54.23361028299935,1.47
893,20143Córdoba,Córdoba,2014,3,54.23361028299935,54.23361028299935,54.69689679332299,0.85
869,20144Córdoba,Córdoba,2014,4,54.69689679332299,54.69689679332299,54.69734650188214,0.0
845,20151Córdoba,Córdoba,2015,1,54.69734650188214,54.69734650188214,55.86916350781819,2.14
821,20152Córdoba,Córdoba,2015,2,55.86916350781819,55.86916350781819,57.08340378951846,2.17
797,20153Córdoba,Córdoba,2015,3,57.08340378951846,57.08340378951846,57.364881766079215,0.49
773,20154Córdoba,Córdoba,2015,4,57.364881766079215,57.364881766079215,55.283092783740216,-3.63
749,20161Córdoba,Córdoba,2016,1,55.283092783740216,55.283092783740216,57.54798052828644,4.1
725,20162Córdoba,Córdoba,2016,2,57.54798052828644,57.54798052828644,58.24381625803197,1.21
701,20163Córdoba,Córdoba,2016,3,58.24381625803197,58.24381625803197,57.696719154378975,-0.94
677,20164Córdoba,Córdoba,2016,4,57.696719154378975,57.696719154378975,57.65332959287443,-0.08
653,20171Córdoba,Córdoba,2017,1,57.65332959287443,57.65332959287443,58.973528908003566,2.29
629,20172Córdoba,Córdoba,2017,2,58.973528908003566,58.973528908003566,62.30700225296333,5.65
605,20173Córdoba,Córdoba,2017,3,62.30700225296333,62.30700225296333,63.33262565207773,1.65
581,20174Córdoba,Córdoba,2017,4,63.33262565207773,63.33262565207773,63.51716965201617,0.29
557,20181Córdoba,Córdoba,2018,1,63.51716965201617,63.51716965201617,63.2743661231958,-0.38
533,20182Córdoba,Córdoba,2018,2,63.2743661231958,63.2743661231958,64.24210026029336,1.53
509,20183Córdoba,Córdoba,2018,3,64.24210026029336,64.24210026029336,65.08926459112368,1.32
485,20184Córdoba,Córdoba,2018,4,65.08926459112368,65.08926459112368,65.5173840768055,0.66
461,20191Córdoba,Córdoba,2019,1,65.5173840768055,65.5173840768055,68.07130938789848,3.9
437,20192Córdoba,Córdoba,2019,2,68.07130938789848,68.07130938789848,68.59234901069021,0.77
413,20193Córdoba,Córdoba,2019,3,68.59234901069021,68.59234901069021,70.48295566244217,2.76
389,20194Córdoba,Córdoba,2019,4,70.48295566244217,70.48295566244217,70.6880744339108,0.29
365,20201Córdoba,Córdoba,2020,1,70.6880744339108,70.6880744339108,72.71358531242393,2.87
341,20202Córdoba,Córdoba,2020,2,72.71358531242393,72.71358531242393,75.22035723669207,3.45
317,20203Córdoba,Córdoba,2020,3,75.22035723669207,75.22035723669207,78.07960876338194,3.8
293,20204Córdoba,Córdoba,2020,4,78.07960876338194,78.07960876338194,78.59028062380018,0.65
269,20211Córdoba,Córdoba,2021,1,78.59028062380018,78.59028062380018,80.11518795931242,1.94
245,20212Córdoba,Córdoba,2021,2,80.11518795931242,80.11518795931242,81.2845665540848,1.46
221,20213Córdoba,Córdoba,2021,3,81.2845665540848,81.2845665540848,84.50941853046088,3.97
197,20214Córdoba,Córdoba,2021,4,84.50941853046088,84.50941853046088,85.75745356313551,1.48
173,20221Córdoba,Córdoba,2022,1,85.75745356313551,85.75745356313551,87.48,2.01
149,20222Córdoba,Córdoba,2022,2,87.48,87.48,88.31,0.95
125,20223Córdoba,Córdoba,2022,3,88.31,88.31,89.03,0.82
101,20224Córdoba,Córdoba,2022,4,89.03,89.03,88.84,-0.21
77,20231Córdoba,Córdoba,2023,1,88.84,88.84,90.13,1.45
53,20232Córdoba,Córdoba,2023,2,90.13,90.13,90.05,-0.09
29,20233Córdoba,Córdoba,2023,3,90.05,90.05,90.67,0.69
943,20141Entre Ríos,Entre Ríos,2014,1,34.367121821250166,34.367121821250166,34.687432371459764,0.93
919,20142Entre Ríos,Entre Ríos,2014,2,34.687432371459764,34.687432371459764,34.981647333712985,0.85
895,20143Entre Ríos,Entre Ríos,2014,3,34.981647333712985,34.981647333712985,36.0254708519679,2.98
871,20144Entre Ríos,Entre Ríos,2014,4,36.0254708519679,36.0254708519679,42.06519337351208,16.77
847,20151Entre Ríos,Entre Ríos,2015,1,42.06519337351208,42.06519337351208,42.93197901645878,2.06
823,20152Entre Ríos,Entre Ríos,2015,2,42.93197901645878,42.93197901645878,43.67718163526334,1.74
799,20153Entre Ríos,Entre Ríos,2015,3,43.67718163526334,43.67718163526334,44.10854807300098,0.99
775,20154Entre Ríos,Entre Ríos,2015,4,44.10854807300098,44.10854807300098,43.84596814466226,-0.6
751,20161Entre Ríos,Entre Ríos,2016,1,43.84596814466226,43.84596814466226,44.73887454518738,2.04
727,20162Entre Ríos,Entre Ríos,2016,2,44.73887454518738,44.73887454518738,45.43514088447326,1.56
703,20163Entre Ríos,Entre Ríos,2016,3,45.43514088447326,45.43514088447326,45.208402854677,-0.5
679,20164Entre Ríos,Entre Ríos,2016,4,45.208402854677,45.208402854677,44.907273687041226,-0.67
655,20171Entre Ríos,Entre Ríos,2017,1,44.907273687041226,44.907273687041226,45.38933102824724,1.07
631,20172Entre Ríos,Entre Ríos,2017,2,45.38933102824724,45.38933102824724,45.95812167017718,1.25
607,20173Entre Ríos,Entre Ríos,2017,3,45.95812167017718,45.95812167017718,47.885245293746834,4.19
583,20174Entre Ríos,Entre Ríos,2017,4,47.885245293746834,47.885245293746834,48.68120241785722,1.66
559,20181Entre Ríos,Entre Ríos,2018,1,48.68120241785722,48.68120241785722,49.20261187052838,1.07
535,20182Entre Ríos,Entre Ríos,2018,2,49.20261187052838,49.20261187052838,50.222013858377494,2.07
511,20183Entre Ríos,Entre Ríos,2018,3,50.222013858377494,50.222013858377494,54.37477348639939,8.27
487,20184Entre Ríos,Entre Ríos,2018,4,54.37477348639939,54.37477348639939,56.78815996169284,4.44
463,20191Entre Ríos,Entre Ríos,2019,1,56.78815996169284,56.78815996169284,57.47823458872391,1.22
439,20192Entre Ríos,Entre Ríos,2019,2,57.47823458872391,57.47823458872391,57.90009945796624,0.73
415,20193Entre Ríos,Entre Ríos,2019,3,57.90009945796624,57.90009945796624,57.99221691704514,0.16
391,20194Entre Ríos,Entre Ríos,2019,4,57.99221691704514,57.99221691704514,56.12006051437216,-3.23
367,20201Entre Ríos,Entre Ríos,2020,1,56.12006051437216,56.12006051437216,56.538654739709614,0.75
343,20202Entre Ríos,Entre Ríos,2020,2,56.538654739709614,56.538654739709614,58.1901640924315,2.92
319,20203Entre Ríos,Entre Ríos,2020,3,58.1901640924315,58.1901640924315,59.47430676097378,2.21
295,20204Entre Ríos,Entre Ríos,2020,4,59.47430676097378,59.47430676097378,60.439449728342346,1.62
271,20211Entre Ríos,Entre Ríos,2021,1,60.439449728342346,60.439449728342346,61.660264464787886,2.02
247,20212Entre Ríos,Entre Ríos,2021,2,61.660264464787886,61.660264464787886,62.17940145385769,0.84
223,20213Entre Ríos,Entre Ríos,2021,3,62.17940145385769,62.17940145385769,63.155361436165784,1.57
199,20214Entre Ríos,Entre Ríos,2021,4,63.155361436165784,63.155361436165784,63.70090347123158,0.86
175,20221Entre Ríos,Entre Ríos,2022,1,63.70090347123158,63.70090347123158,63.9,0.31
151,20222Entre Ríos,Entre Ríos,2022,2,63.9,63.9,63.67,-0.36
127,20223Entre Ríos,Entre Ríos,2022,3,63.67,63.67,64.01,0.53
103,20224Entre Ríos,Entre Ríos,2022,4,64.01,64.01,64.79,1.22
79,20231Entre Ríos,Entre Ríos,2023,1,64.79,64.79,64.43,-0.56
55,20232Entre Ríos,Entre Ríos,2023,2,64.43,64.43,68.84,6.84
31,20233Entre Ríos,Entre Ríos,2023,3,68.84,68.84,69.94,1.6
944,20141Formosa,Formosa,2014,1,17.418451079368708,17.418451079368708,17.54041175485166,0.7
920,20142Formosa,Formosa,2014,2,17.54041175485166,17.54041175485166,17.771314831468263,1.32
896,20143Formosa,Formosa,2014,3,17.771314831468263,17.771314831468263,17.956311361695214,1.04
872,20144Formosa,Formosa,2014,4,17.956311361695214,17.956311361695214,18.12270367397183,0.93
848,20151Formosa,Formosa,2015,1,18.12270367397183,18.12270367397183,18.36026720527858,1.31
824,20152Formosa,Formosa,2015,2,18.36026720527858,18.36026720527858,18.836751773785252,2.6
800,20153Formosa,Formosa,2015,3,18.836751773785252,18.836751773785252,19.06549151678632,1.21
776,20154Formosa,Formosa,2015,4,19.06549151678632,19.06549151678632,19.041878369434937,-0.12
752,20161Formosa,Formosa,2016,1,19.041878369434937,19.041878369434937,19.370070664563997,1.72
728,20162Formosa,Formosa,2016,2,19.370070664563997,19.370070664563997,18.639708302862847,-3.77
704,20163Formosa,Formosa,2016,3,18.639708302862847,18.639708302862847,19.84823607816392,6.48
680,20164Formosa,Formosa,2016,4,19.84823607816392,19.84823607816392,19.842489178645863,-0.03
656,20171Formosa,Formosa,2017,1,19.842489178645863,19.842489178645863,19.965076445261992,0.62
632,20172Formosa,Formosa,2017,2,19.965076445261992,19.965076445261992,21.350384380070757,6.94
608,20173Formosa,Formosa,2017,3,21.350384380070757,21.350384380070757,21.27097668924972,-0.37
584,20174Formosa,Formosa,2017,4,21.27097668924972,21.27097668924972,21.40431025921144,0.63
560,20181Formosa,Formosa,2018,1,21.40431025921144,21.40431025921144,29.434226520796997,37.52
536,20182Formosa,Formosa,2018,2,29.434226520796997,29.434226520796997,29.576573428878444,0.48
512,20183Formosa,Formosa,2018,3,29.576573428878444,29.576573428878444,29.73653915732,0.54
488,20184Formosa,Formosa,2018,4,29.73653915732,29.73653915732,29.67769463043193,-0.2
464,20191Formosa,Formosa,2019,1,29.67769463043193,29.67769463043193,30.418236006943307,2.5
440,20192Formosa,Formosa,2019,2,30.418236006943307,30.418236006943307,30.11243299777749,-1.01
416,20193Formosa,Formosa,2019,3,30.11243299777749,30.11243299777749,30.471313480544048,1.19
392,20194Formosa,Formosa,2019,4,30.471313480544048,30.471313480544048,30.228303962606848,-0.8
368,20201Formosa,Formosa,2020,1,30.228303962606848,30.228303962606848,31.1394362262631,3.01
344,20202Formosa,Formosa,2020,2,31.1394362262631,31.1394362262631,31.905623310186535,2.46
320,20203Formosa,Formosa,2020,3,31.905623310186535,31.905623310186535,32.487381907596735,1.82
296,20204Formosa,Formosa,2020,4,32.487381907596735,32.487381907596735,32.732955756327215,0.76
272,20211Formosa,Formosa,2021,1,32.732955756327215,32.732955756327215,33.22548419322613,1.5
248,20212Formosa,Formosa,2021,2,33.22548419322613,33.22548419322613,33.962033540684324,2.22
224,20213Formosa,Formosa,2021,3,33.962033540684324,33.962033540684324,34.4545746388443,1.45
200,20214Formosa,Formosa,2021,4,34.4545746388443,34.4545746388443,34.955686995751336,1.45
176,20221Formosa,Formosa,2022,1,34.955686995751336,34.955686995751336,43.42,24.21
152,20222Formosa,Formosa,2022,2,43.42,43.42,43.76,0.78
128,20223Formosa,Formosa,2022,3,43.76,43.76,39.41,-9.94
104,20224Formosa,Formosa,2022,4,39.41,39.41,38.79,-1.57
80,20231Formosa,Formosa,2023,1,38.79,38.79,38.32,-1.21
56,20232Formosa,Formosa,2023,2,38.32,38.32,38.86,1.41
32,20233Formosa,Formosa,2023,3,38.86,38.86,39.23,0.95
945,20141Jujuy,Jujuy,2014,1,18.41535244687765,18.41535244687765,18.706060999413573,1.58
921,20142Jujuy,Jujuy,2014,2,18.706060999413573,18.706060999413573,18.368534215570367,-1.8
897,20143Jujuy,Jujuy,2014,3,18.368534215570367,18.368534215570367,19.59941818052116,6.7
873,20144Jujuy,Jujuy,2014,4,19.59941818052116,19.59941818052116,19.68971363262363,0.46
849,20151Jujuy,Jujuy,2015,1,19.68971363262363,19.68971363262363,20.287219077594944,3.03
825,20152Jujuy,Jujuy,2015,2,20.287219077594944,20.287219077594944,21.2703333470887,4.85
801,20153Jujuy,Jujuy,2015,3,21.2703333470887,21.2703333470887,21.47147379391073,0.95
777,20154Jujuy,Jujuy,2015,4,21.47147379391073,21.47147379391073,21.41001128856396,-0.29
753,20161Jujuy,Jujuy,2016,1,21.41001128856396,21.41001128856396,21.888281043576683,2.23
729,20162Jujuy,Jujuy,2016,2,21.888281043576683,21.888281043576683,22.605154265256864,3.28
705,20163Jujuy,Jujuy,2016,3,22.605154265256864,22.605154265256864,22.651387008241425,0.2
681,20164Jujuy,Jujuy,2016,4,22.651387008241425,22.651387008241425,22.756985962232346,0.47
657,20171Jujuy,Jujuy,2017,1,22.756985962232346,22.756985962232346,22.403415894624064,-1.55
633,20172Jujuy,Jujuy,2017,2,22.403415894624064,22.403415894624064,22.64536299508256,1.08
609,20173Jujuy,Jujuy,2017,3,22.64536299508256,22.64536299508256,22.742083716267025,0.43
585,20174Jujuy,Jujuy,2017,4,22.742083716267025,22.742083716267025,23.121260875677535,1.67
561,20181Jujuy,Jujuy,2018,1,23.121260875677535,23.121260875677535,23.43220272985447,1.34
537,20182Jujuy,Jujuy,2018,2,23.43220272985447,23.43220272985447,23.263700137195517,-0.72
513,20183Jujuy,Jujuy,2018,3,23.263700137195517,23.263700137195517,46.53226639132679,100.02
489,20184Jujuy,Jujuy,2018,4,46.53226639132679,46.53226639132679,46.40843874036665,-0.27
465,20191Jujuy,Jujuy,2019,1,46.40843874036665,46.40843874036665,44.511922790626045,-4.09
441,20192Jujuy,Jujuy,2019,2,44.511922790626045,44.511922790626045,44.322486842913605,-0.43
417,20193Jujuy,Jujuy,2019,3,44.322486842913605,44.322486842913605,45.37754633175065,2.38
393,20194Jujuy,Jujuy,2019,4,45.37754633175065,45.37754633175065,46.670230639987786,2.85
369,20201Jujuy,Jujuy,2020,1,46.670230639987786,46.670230639987786,47.887810227872784,2.61
345,20202Jujuy,Jujuy,2020,2,47.887810227872784,47.887810227872784,54.04441923820905,12.86
321,20203Jujuy,Jujuy,2020,3,54.04441923820905,54.04441923820905,53.45659123390888,-1.09
297,20204Jujuy,Jujuy,2020,4,53.45659123390888,53.45659123390888,55.63244789620541,4.07
273,20211Jujuy,Jujuy,2021,1,55.63244789620541,55.63244789620541,56.182157011467694,0.99
249,20212Jujuy,Jujuy,2021,2,56.182157011467694,56.182157011467694,55.6892647441935,-0.88
225,20213Jujuy,Jujuy,2021,3,55.6892647441935,55.6892647441935,56.921070514870486,2.21
201,20214Jujuy,Jujuy,2021,4,56.921070514870486,56.921070514870486,58.06462866426784,2.01
177,20221Jujuy,Jujuy,2022,1,58.06462866426784,58.06462866426784,57.32,-1.28
153,20222Jujuy,Jujuy,2022,2,57.32,57.32,58.91,2.77
129,20223Jujuy,Jujuy,2022,3,58.91,58.91,58.46,-0.76
105,20224Jujuy,Jujuy,2022,4,58.46,58.46,58.2,-0.44
81,20231Jujuy,Jujuy,2023,1,58.2,58.2,57.78,-0.72
57,20232Jujuy,Jujuy,2023,2,57.78,57.78,57.61,-0.29
33,20233Jujuy,Jujuy,2023,3,57.61,57.61,57.78,0.3
946,20141La Pampa,La Pampa,2014,1,48.42532103828204,48.42532103828204,49.70759616034458,2.65
922,20142La Pampa,La Pampa,2014,2,49.70759616034458,49.70759616034458,55.78120173850417,12.22
898,20143La Pampa,La Pampa,2014,3,55.78120173850417,55.78120173850417,51.273133452228585,-8.08
874,20144La Pampa,La Pampa,2014,4,51.273133452228585,51.273133452228585,55.50803232733774,8.26
850,20151La Pampa,La Pampa,2015,1,55.50803232733774,55.50803232733774,56.70766522530004,2.16
826,20152La Pampa,La Pampa,2015,2,56.70766522530004,56.70766522530004,57.96395975091518,2.22
802,20153La Pampa,La Pampa,2015,3,57.96395975091518,57.96395975091518,58.75633720012275,1.37
778,20154La Pampa,La Pampa,2015,4,58.75633720012275,58.75633720012275,57.84086865504526,-1.56
754,20161La Pampa,La Pampa,2016,1,57.84086865504526,57.84086865504526,60.43686025737927,4.49
730,20162La Pampa,La Pampa,2016,2,60.43686025737927,60.43686025737927,61.73178543650905,2.14
706,20163La Pampa,La Pampa,2016,3,61.73178543650905,61.73178543650905,63.016182768654026,2.08
682,20164La Pampa,La Pampa,2016,4,63.016182768654026,63.016182768654026,62.66928104575163,-0.55
658,20171La Pampa,La Pampa,2017,1,62.66928104575163,62.66928104575163,63.49352648099681,1.32
634,20172La Pampa,La Pampa,2017,2,63.49352648099681,63.49352648099681,69.13993701142644,8.89
610,20173La Pampa,La Pampa,2017,3,69.13993701142644,69.13993701142644,71.04976106378558,2.76
586,20174La Pampa,La Pampa,2017,4,71.04976106378558,71.04976106378558,71.75163692275797,0.99
562,20181La Pampa,La Pampa,2018,1,71.75163692275797,71.75163692275797,71.04033787278055,-0.99
538,20182La Pampa,La Pampa,2018,2,71.04033787278055,71.04033787278055,71.75023651844843,1.0
514,20183La Pampa,La Pampa,2018,3,71.75023651844843,71.75023651844843,73.49404828314209,2.43
490,20184La Pampa,La Pampa,2018,4,73.49404828314209,73.49404828314209,76.35457433780647,3.89
466,20191La Pampa,La Pampa,2019,1,76.35457433780647,76.35457433780647,77.08313750288404,0.95
442,20192La Pampa,La Pampa,2019,2,77.08313750288404,77.08313750288404,77.45269423291748,0.48
418,20193La Pampa,La Pampa,2019,3,77.45269423291748,77.45269423291748,76.92418969170417,-0.68
394,20194La Pampa,La Pampa,2019,4,76.92418969170417,76.92418969170417,75.76678781291396,-1.5
370,20201La Pampa,La Pampa,2020,1,75.76678781291396,75.76678781291396,76.10158288987562,0.44
346,20202La Pampa,La Pampa,2020,2,76.10158288987562,76.10158288987562,79.26447706670275,4.16
322,20203La Pampa,La Pampa,2020,3,79.26447706670275,79.26447706670275,81.76793248945148,3.16
298,20204La Pampa,La Pampa,2020,4,81.76793248945148,81.76793248945148,81.77676345752207,0.01
274,20211La Pampa,La Pampa,2021,1,81.77676345752207,81.77676345752207,82.08000672325404,0.37
250,20212La Pampa,La Pampa,2021,2,82.08000672325404,82.08000672325404,84.27996309653611,2.68
226,20213La Pampa,La Pampa,2021,3,84.27996309653611,84.27996309653611,89.56734270241313,6.27
202,20214La Pampa,La Pampa,2021,4,89.56734270241313,89.56734270241313,91.66332531408716,2.34
178,20221La Pampa,La Pampa,2022,1,91.66332531408716,91.66332531408716,92.98,1.44
154,20222La Pampa,La Pampa,2022,2,92.98,92.98,96.59,3.88
130,20223La Pampa,La Pampa,2022,3,96.59,96.59,94.8,-1.85
106,20224La Pampa,La Pampa,2022,4,94.8,94.8,96.55,1.85
82,20231La Pampa,La Pampa,2023,1,96.55,96.55,98.35,1.86
58,20232La Pampa,La Pampa,2023,2,98.35,98.35,99.0,0.66
34,20233La Pampa,La Pampa,2023,3,99.0,99.0,99.96,0.97
947,20141La Rioja,La Rioja,2014,1,16.294104815837528,16.294104815837528,16.502564816345664,1.28
923,20142La Rioja,La Rioja,2014,2,16.502564816345664,16.502564816345664,16.50671327406722,0.03
899,20143La Rioja,La Rioja,2014,3,16.50671327406722,16.50671327406722,17.01075088723615,3.05
875,20144La Rioja,La Rioja,2014,4,17.01075088723615,17.01075088723615,16.703201787413843,-1.81
851,20151La Rioja,La Rioja,2015,1,16.703201787413843,16.703201787413843,16.883190981963825,1.08
827,20152La Rioja,La Rioja,2015,2,16.883190981963825,16.883190981963825,17.151129442032545,1.59
803,20153La Rioja,La Rioja,2015,3,17.151129442032545,17.151129442032545,17.315778648410653,0.96
779,20154La Rioja,La Rioja,2015,4,17.315778648410653,17.315778648410653,16.83351837249417,-2.79
755,20161La Rioja,La Rioja,2016,1,16.83351837249417,16.83351837249417,16.878902611111524,0.27
731,20162La Rioja,La Rioja,2016,2,16.878902611111524,16.878902611111524,17.074559106484113,1.16
707,20163La Rioja,La Rioja,2016,3,17.074559106484113,17.074559106484113,16.45531638401623,-3.63
683,20164La Rioja,La Rioja,2016,4,16.45531638401623,16.45531638401623,16.19552414605418,-1.58
659,20171La Rioja,La Rioja,2017,1,16.19552414605418,16.19552414605418,16.203445806143563,0.05
635,20172La Rioja,La Rioja,2017,2,16.203445806143563,16.203445806143563,51.46525230494696,217.62
611,20173La Rioja,La Rioja,2017,3,51.46525230494696,51.46525230494696,51.56847440546175,0.2
587,20174La Rioja,La Rioja,2017,4,51.56847440546175,51.56847440546175,51.44351011244806,-0.24
563,20181La Rioja,La Rioja,2018,1,51.44351011244806,51.44351011244806,50.97789073923241,-0.91
539,20182La Rioja,La Rioja,2018,2,50.97789073923241,50.97789073923241,50.73304318059562,-0.48
515,20183La Rioja,La Rioja,2018,3,50.73304318059562,50.73304318059562,50.347993917417234,-0.76
491,20184La Rioja,La Rioja,2018,4,50.347993917417234,50.347993917417234,50.184587883262736,-0.32
467,20191La Rioja,La Rioja,2019,1,50.184587883262736,50.184587883262736,48.70493914424315,-2.95
443,20192La Rioja,La Rioja,2019,2,48.70493914424315,48.70493914424315,47.94290512174643,-1.56
419,20193La Rioja,La Rioja,2019,3,47.94290512174643,47.94290512174643,47.13589011052434,-1.68
395,20194La Rioja,La Rioja,2019,4,47.13589011052434,47.13589011052434,46.346631384166976,-1.67
371,20201La Rioja,La Rioja,2020,1,46.346631384166976,46.346631384166976,49.83993501839552,7.54
347,20202La Rioja,La Rioja,2020,2,49.83993501839552,49.83993501839552,50.11811323630267,0.56
323,20203La Rioja,La Rioja,2020,3,50.11811323630267,50.11811323630267,50.11061211701148,-0.01
299,20204La Rioja,La Rioja,2020,4,50.11061211701148,50.11061211701148,49.80693519079345,-0.61
275,20211La Rioja,La Rioja,2021,1,49.80693519079345,49.80693519079345,76.9786615851933,54.55
251,20212La Rioja,La Rioja,2021,2,76.9786615851933,76.9786615851933,77.26016061386845,0.37
227,20213La Rioja,La Rioja,2021,3,77.26016061386845,77.26016061386845,77.9234900964576,0.86
203,20214La Rioja,La Rioja,2021,4,77.9234900964576,77.9234900964576,78.77459866564503,1.09
179,20221La Rioja,La Rioja,2022,1,78.77459866564503,78.77459866564503,80.14,1.73
155,20222La Rioja,La Rioja,2022,2,80.14,80.14,80.66,0.65
131,20223La Rioja,La Rioja,2022,3,80.66,80.66,79.86,-0.99
107,20224La Rioja,La Rioja,2022,4,79.86,79.86,79.74,-0.15
83,20231La Rioja,La Rioja,2023,1,79.74,79.74,80.01,0.34
59,20232La Rioja,La Rioja,2023,2,80.01,80.01,80.44,0.54
35,20233La Rioja,La Rioja,2023,3,80.44,80.44,80.22,-0.27
948,20141Mendoza,Mendoza,2014,1,31.91312298660578,31.91312298660578,32.098238150241194,0.58
924,20142Mendoza,Mendoza,2014,2,32.098238150241194,32.098238150241194,32.313179561655694,0.67
900,20143Mendoza,Mendoza,2014,3,32.313179561655694,32.313179561655694,32.63838187615034,1.01
876,20144Mendoza,Mendoza,2014,4,32.63838187615034,32.63838187615034,32.36588756051825,-0.83
852,20151Mendoza,Mendoza,2015,1,32.36588756051825,32.36588756051825,32.49199583186653,0.39
828,20152Mendoza,Mendoza,2015,2,32.49199583186653,32.49199583186653,32.49199583186653,0.0
804,20153Mendoza,Mendoza,2015,3,32.49199583186653,32.49199583186653,32.48895249500142,-0.01
780,20154Mendoza,Mendoza,2015,4,32.48895249500142,32.48895249500142,32.12333888801278,-1.13
756,20161Mendoza,Mendoza,2016,1,32.12333888801278,32.12333888801278,32.12597179442594,0.01
732,20162Mendoza,Mendoza,2016,2,32.12597179442594,32.12597179442594,32.08835884566649,-0.12
708,20163Mendoza,Mendoza,2016,3,32.08835884566649,32.08835884566649,32.10735338479002,0.06
684,20164Mendoza,Mendoza,2016,4,32.10735338479002,32.10735338479002,31.843012770179666,-0.82
660,20171Mendoza,Mendoza,2017,1,31.843012770179666,31.843012770179666,31.75860536139077,-0.27
636,20172Mendoza,Mendoza,2017,2,31.75860536139077,31.75860536139077,35.70493177720565,12.43
612,20173Mendoza,Mendoza,2017,3,35.70493177720565,35.70493177720565,33.32562553415048,-6.66
588,20174Mendoza,Mendoza,2017,4,33.32562553415048,33.32562553415048,37.07215110240331,11.24
564,20181Mendoza,Mendoza,2018,1,37.07215110240331,37.07215110240331,36.97287272406129,-0.27
540,20182Mendoza,Mendoza,2018,2,36.97287272406129,36.97287272406129,37.990597267996215,2.75
516,20183Mendoza,Mendoza,2018,3,37.990597267996215,37.990597267996215,37.757783845911696,-0.61
492,20184Mendoza,Mendoza,2018,4,37.757783845911696,37.757783845911696,37.657164970282864,-0.27
468,20191Mendoza,Mendoza,2019,1,37.657164970282864,37.657164970282864,40.754624235362655,8.23
444,20192Mendoza,Mendoza,2019,2,40.754624235362655,40.754624235362655,40.73714258735342,-0.04
420,20193Mendoza,Mendoza,2019,3,40.73714258735342,40.73714258735342,33.64903072027183,-17.4
396,20194Mendoza,Mendoza,2019,4,33.64903072027183,33.64903072027183,33.14207670017271,-1.51
372,20201Mendoza,Mendoza,2020,1,33.14207670017271,33.14207670017271,36.25224342110005,9.38
348,20202Mendoza,Mendoza,2020,2,36.25224342110005,36.25224342110005,37.348633137232696,3.02
324,20203Mendoza,Mendoza,2020,3,37.348633137232696,37.348633137232696,38.62957896227819,3.43
300,20204Mendoza,Mendoza,2020,4,38.62957896227819,38.62957896227819,39.153661528996416,1.36
276,20211Mendoza,Mendoza,2021,1,39.153661528996416,39.153661528996416,40.97324182617088,4.65
252,20212Mendoza,Mendoza,2021,2,40.97324182617088,40.97324182617088,45.54828468056102,11.17
228,20213Mendoza,Mendoza,2021,3,45.54828468056102,45.54828468056102,47.505317090317746,4.3
204,20214Mendoza,Mendoza,2021,4,47.505317090317746,47.505317090317746,48.73524093558345,2.59
180,20221Mendoza,Mendoza,2022,1,48.73524093558345,48.73524093558345,49.39,1.34
156,20222Mendoza,Mendoza,2022,2,49.39,49.39,51.03,3.32
132,20223Mendoza,Mendoza,2022,3,51.03,51.03,51.36,0.65
108,20224Mendoza,Mendoza,2022,4,51.36,51.36,51.4,0.08
84,20231Mendoza,Mendoza,2023,1,51.4,51.4,52.09,1.34
60,20232Mendoza,Mendoza,2023,2,52.09,52.09,52.03,-0.12
36,20233Mendoza,Mendoza,2023,3,52.03,52.03,52.15,0.23
949,20141Misiones,Misiones,2014,1,23.13653864847733,23.13653864847733,23.367747601299843,1.0
925,20142Misiones,Misiones,2014,2,23.367747601299843,23.367747601299843,23.567356954345527,0.85
901,20143Misiones,Misiones,2014,3,23.567356954345527,23.567356954345527,24.162430605588312,2.52
877,20144Misiones,Misiones,2014,4,24.162430605588312,24.162430605588312,26.305604105190643,8.87
853,20151Misiones,Misiones,2015,1,26.305604105190643,26.305604105190643,27.34768244882168,3.96
829,20152Misiones,Misiones,2015,2,27.34768244882168,27.34768244882168,28.306345093436885,3.51
805,20153Misiones,Misiones,2015,3,28.306345093436885,28.306345093436885,28.686658891542372,1.34
781,20154Misiones,Misiones,2015,4,28.686658891542372,28.686658891542372,28.36765259095629,-1.11
757,20161Misiones,Misiones,2016,1,28.36765259095629,28.36765259095629,29.239512823021975,3.07
733,20162Misiones,Misiones,2016,2,29.239512823021975,29.239512823021975,29.905385775898186,2.28
709,20163Misiones,Misiones,2016,3,29.905385775898186,29.905385775898186,29.720149807797423,-0.62
685,20164Misiones,Misiones,2016,4,29.720149807797423,29.720149807797423,29.522202363131044,-0.67
661,20171Misiones,Misiones,2017,1,29.522202363131044,29.522202363131044,30.089248025085933,1.92
637,20172Misiones,Misiones,2017,2,30.089248025085933,30.089248025085933,30.205990933031902,0.39
613,20173Misiones,Misiones,2017,3,30.205990933031902,30.205990933031902,31.14218485379854,3.1
589,20174Misiones,Misiones,2017,4,31.14218485379854,31.14218485379854,30.95673588446963,-0.6
565,20181Misiones,Misiones,2018,1,30.95673588446963,30.95673588446963,31.630907682221824,2.18
541,20182Misiones,Misiones,2018,2,31.630907682221824,31.630907682221824,32.10366641805902,1.49
517,20183Misiones,Misiones,2018,3,32.10366641805902,32.10366641805902,34.4507488777944,7.31
493,20184Misiones,Misiones,2018,4,34.4507488777944,34.4507488777944,36.25716826552349,5.24
469,20191Misiones,Misiones,2019,1,36.25716826552349,36.25716826552349,39.14612554169944,7.97
445,20192Misiones,Misiones,2019,2,39.14612554169944,39.14612554169944,39.33292986744382,0.48
421,20193Misiones,Misiones,2019,3,39.33292986744382,39.33292986744382,39.78923684048622,1.16
397,20194Misiones,Misiones,2019,4,39.78923684048622,39.78923684048622,39.01834755171205,-1.94
373,20201Misiones,Misiones,2020,1,39.01834755171205,39.01834755171205,40.88779600969606,4.79
349,20202Misiones,Misiones,2020,2,40.88779600969606,40.88779600969606,41.60448628544863,1.75
325,20203Misiones,Misiones,2020,3,41.60448628544863,41.60448628544863,42.64411416119227,2.5
301,20204Misiones,Misiones,2020,4,42.64411416119227,42.64411416119227,43.172438905971845,1.24
277,20211Misiones,Misiones,2021,1,43.172438905971845,43.172438905971845,45.0128113119994,4.26
253,20212Misiones,Misiones,2021,2,45.0128113119994,45.0128113119994,45.57065365808786,1.24
229,20213Misiones,Misiones,2021,3,45.57065365808786,45.57065365808786,49.06462073058497,7.67
205,20214Misiones,Misiones,2021,4,49.06462073058497,49.06462073058497,49.04334199772953,-0.04
181,20221Misiones,Misiones,2022,1,49.04334199772953,49.04334199772953,51.0,3.99
157,20222Misiones,Misiones,2022,2,51.0,51.0,51.82,1.61
133,20223Misiones,Misiones,2022,3,51.82,51.82,52.85,1.99
109,20224Misiones,Misiones,2022,4,52.85,52.85,53.97,2.12
85,20231Misiones,Misiones,2023,1,53.97,53.97,55.18,2.24
61,20232Misiones,Misiones,2023,2,55.18,55.18,55.51,0.6
37,20233Misiones,Misiones,2023,3,55.51,55.51,56.27,1.37
950,20141Neuquén,Neuquén,2014,1,49.79160519138556,49.79160519138556,50.84274905844866,2.11
926,20142Neuquén,Neuquén,2014,2,50.84274905844866,50.84274905844866,56.39541102706976,10.92
902,20143Neuquén,Neuquén,2014,3,56.39541102706976,56.39541102706976,52.554989697249574,-6.81
878,20144Neuquén,Neuquén,2014,4,52.554989697249574,52.554989697249574,51.95443673810251,-1.14
854,20151Neuquén,Neuquén,2015,1,51.95443673810251,51.95443673810251,53.117336593231435,2.24
830,20152Neuquén,Neuquén,2015,2,53.117336593231435,53.117336593231435,54.59931489671118,2.79
806,20153Neuquén,Neuquén,2015,3,54.59931489671118,54.59931489671118,58.2893377687955,6.76
782,20154Neuquén,Neuquén,2015,4,58.2893377687955,58.2893377687955,55.75393700425406,-4.35
758,20161Neuquén,Neuquén,2016,1,55.75393700425406,55.75393700425406,59.09828553366203,6.0
734,20162Neuquén,Neuquén,2016,2,59.09828553366203,59.09828553366203,60.21485088853954,1.89
710,20163Neuquén,Neuquén,2016,3,60.21485088853954,60.21485088853954,60.873667228199054,1.09
686,20164Neuquén,Neuquén,2016,4,60.873667228199054,60.873667228199054,61.02302006782746,0.25
662,20171Neuquén,Neuquén,2017,1,61.02302006782746,61.02302006782746,61.91013427666159,1.45
638,20172Neuquén,Neuquén,2017,2,61.91013427666159,61.91013427666159,60.8304131050389,-1.74
614,20173Neuquén,Neuquén,2017,3,60.8304131050389,60.8304131050389,61.24232317785096,0.68
590,20174Neuquén,Neuquén,2017,4,61.24232317785096,61.24232317785096,61.517390351563726,0.45
566,20181Neuquén,Neuquén,2018,1,61.517390351563726,61.517390351563726,60.23679161402031,-2.08
542,20182Neuquén,Neuquén,2018,2,60.23679161402031,60.23679161402031,60.48661674396911,0.41
518,20183Neuquén,Neuquén,2018,3,60.48661674396911,60.48661674396911,59.06916926636779,-2.34
494,20184Neuquén,Neuquén,2018,4,59.06916926636779,59.06916926636779,58.87800433437489,-0.32
470,20191Neuquén,Neuquén,2019,1,58.87800433437489,58.87800433437489,63.080964327674394,7.14
446,20192Neuquén,Neuquén,2019,2,63.080964327674394,63.080964327674394,64.13887269491578,1.68
422,20193Neuquén,Neuquén,2019,3,64.13887269491578,64.13887269491578,59.35590092822445,-7.46
398,20194Neuquén,Neuquén,2019,4,59.35590092822445,59.35590092822445,61.84749362355069,4.2
374,20201Neuquén,Neuquén,2020,1,61.84749362355069,61.84749362355069,63.898469033764314,3.32
350,20202Neuquén,Neuquén,2020,2,63.898469033764314,63.898469033764314,65.24417025530218,2.11
326,20203Neuquén,Neuquén,2020,3,65.24417025530218,65.24417025530218,67.00234522048092,2.69
302,20204Neuquén,Neuquén,2020,4,67.00234522048092,67.00234522048092,66.84208942045272,-0.24
278,20211Neuquén,Neuquén,2021,1,66.84208942045272,66.84208942045272,69.14021084638621,3.44
254,20212Neuquén,Neuquén,2021,2,69.14021084638621,69.14021084638621,69.70653344501615,0.82
230,20213Neuquén,Neuquén,2021,3,69.70653344501615,69.70653344501615,73.30016254020012,5.16
206,20214Neuquén,Neuquén,2021,4,73.30016254020012,73.30016254020012,74.17305509992715,1.19
182,20221Neuquén,Neuquén,2022,1,74.17305509992715,74.17305509992715,80.02,7.88
158,20222Neuquén,Neuquén,2022,2,80.02,80.02,80.37,0.44
134,20223Neuquén,Neuquén,2022,3,80.37,80.37,78.67,-2.12
110,20224Neuquén,Neuquén,2022,4,78.67,78.67,78.55,-0.15
86,20231Neuquén,Neuquén,2023,1,78.55,78.55,78.97,0.53
62,20232Neuquén,Neuquén,2023,2,78.97,78.97,79.97,1.27
38,20233Neuquén,Neuquén,2023,3,79.97,79.97,79.91,-0.08
951,20141Río Negro,Río Negro,2014,1,44.913957131788514,44.913957131788514,45.33491032014632,0.94
927,20142Río Negro,Río Negro,2014,2,45.33491032014632,45.33491032014632,46.196187157830146,1.9
903,20143Río Negro,Río Negro,2014,3,46.196187157830146,46.196187157830146,45.47806275120403,-1.55
879,20144Río Negro,Río Negro,2014,4,45.47806275120403,45.47806275120403,45.32694907202778,-0.33
855,20151Río Negro,Río Negro,2015,1,45.32694907202778,45.32694907202778,45.97612013432327,1.43
831,20152Río Negro,Río Negro,2015,2,45.97612013432327,45.97612013432327,46.389186656745146,0.9
807,20153Río Negro,Río Negro,2015,3,46.389186656745146,46.389186656745146,46.43948111494307,0.11
783,20154Río Negro,Río Negro,2015,4,46.43948111494307,46.43948111494307,45.83512638708331,-1.3
759,20161Río Negro,Río Negro,2016,1,45.83512638708331,45.83512638708331,46.24011307812744,0.88
735,20162Río Negro,Río Negro,2016,2,46.24011307812744,46.24011307812744,46.38796536215942,0.32
711,20163Río Negro,Río Negro,2016,3,46.38796536215942,46.38796536215942,46.38521035065572,-0.01
687,20164Río Negro,Río Negro,2016,4,46.38521035065572,46.38521035065572,46.02953874119518,-0.77
663,20171Río Negro,Río Negro,2017,1,46.02953874119518,46.02953874119518,46.02080512293318,-0.02
639,20172Río Negro,Río Negro,2017,2,46.02080512293318,46.02080512293318,48.518658939500625,5.43
615,20173Río Negro,Río Negro,2017,3,48.518658939500625,48.518658939500625,49.37562976824529,1.77
591,20174Río Negro,Río Negro,2017,4,49.37562976824529,49.37562976824529,49.816861312232405,0.89
567,20181Río Negro,Río Negro,2018,1,49.816861312232405,49.816861312232405,50.14789462396339,0.66
543,20182Río Negro,Río Negro,2018,2,50.14789462396339,50.14789462396339,50.54264808703746,0.79
519,20183Río Negro,Río Negro,2018,3,50.54264808703746,50.54264808703746,51.86140345426057,2.61
495,20184Río Negro,Río Negro,2018,4,51.86140345426057,51.86140345426057,53.57164978100252,3.3
471,20191Río Negro,Río Negro,2019,1,53.57164978100252,53.57164978100252,61.0942074999118,14.04
447,20192Río Negro,Río Negro,2019,2,61.0942074999118,61.0942074999118,63.42470088700958,3.81
423,20193Río Negro,Río Negro,2019,3,63.42470088700958,63.42470088700958,55.70500968287489,-12.17
399,20194Río Negro,Río Negro,2019,4,55.70500968287489,55.70500968287489,55.11566865962362,-1.06
375,20201Río Negro,Río Negro,2020,1,55.11566865962362,55.11566865962362,56.369335248791955,2.27
351,20202Río Negro,Río Negro,2020,2,56.369335248791955,56.369335248791955,57.052405915845014,1.21
327,20203Río Negro,Río Negro,2020,3,57.052405915845014,57.052405915845014,61.08861548045475,7.07
303,20204Río Negro,Río Negro,2020,4,61.08861548045475,61.08861548045475,60.87924030325769,-0.34
279,20211Río Negro,Río Negro,2021,1,60.87924030325769,60.87924030325769,61.94204057417748,1.75
255,20212Río Negro,Río Negro,2021,2,61.94204057417748,61.94204057417748,61.967213114754095,0.04
231,20213Río Negro,Río Negro,2021,3,61.967213114754095,61.967213114754095,65.69489961160652,6.02
207,20214Río Negro,Río Negro,2021,4,65.69489961160652,65.69489961160652,67.03640754987029,2.04
183,20221Río Negro,Río Negro,2022,1,67.03640754987029,67.03640754987029,67.85,1.21
159,20222Río Negro,Río Negro,2022,2,67.85,67.85,67.98,0.19
135,20223Río Negro,Río Negro,2022,3,67.98,67.98,68.42,0.65
111,20224Río Negro,Río Negro,2022,4,68.42,68.42,69.16,1.08
87,20231Río Negro,Río Negro,2023,1,69.16,69.16,68.56,-0.87
63,20232Río Negro,Río Negro,2023,2,68.56,68.56,68.4,-0.23
39,20233Río Negro,Río Negro,2023,3,68.4,68.4,70.26,2.72
952,20141Salta,Salta,2014,1,28.69955950963068,28.69955950963068,28.914594000862877,0.75
928,20142Salta,Salta,2014,2,28.914594000862877,28.914594000862877,29.2226843537979,1.07
904,20143Salta,Salta,2014,3,29.2226843537979,29.2226843537979,29.534861619577978,1.07
880,20144Salta,Salta,2014,4,29.534861619577978,29.534861619577978,30.00978823344275,1.61
856,20151Salta,Salta,2015,1,30.00978823344275,30.00978823344275,30.46112384270092,1.5
832,20152Salta,Salta,2015,2,30.46112384270092,30.46112384270092,31.175945212858434,2.35
808,20153Salta,Salta,2015,3,31.175945212858434,31.175945212858434,31.593492648071862,1.34
784,20154Salta,Salta,2015,4,31.593492648071862,31.593492648071862,31.31554597115323,-0.88
760,20161Salta,Salta,2016,1,31.31554597115323,31.31554597115323,32.08172602508202,2.45
736,20162Salta,Salta,2016,2,32.08172602508202,32.08172602508202,32.95583168118035,2.72
712,20163Salta,Salta,2016,3,32.95583168118035,32.95583168118035,32.69411973937546,-0.79
688,20164Salta,Salta,2016,4,32.69411973937546,32.69411973937546,32.57548931482305,-0.36
664,20171Salta,Salta,2017,1,32.57548931482305,32.57548931482305,32.739420263626215,0.5
640,20172Salta,Salta,2017,2,32.739420263626215,32.739420263626215,39.839700806907416,21.69
616,20173Salta,Salta,2017,3,39.839700806907416,39.839700806907416,39.79624247145896,-0.11
592,20174Salta,Salta,2017,4,39.79624247145896,39.79624247145896,39.7755916329188,-0.05
568,20181Salta,Salta,2018,1,39.7755916329188,39.7755916329188,39.93719209989731,0.41
544,20182Salta,Salta,2018,2,39.93719209989731,39.93719209989731,39.42741342068409,-1.28
520,20183Salta,Salta,2018,3,39.42741342068409,39.42741342068409,39.801610069738146,0.95
496,20184Salta,Salta,2018,4,39.801610069738146,39.801610069738146,40.09834441771615,0.75
472,20191Salta,Salta,2019,1,40.09834441771615,40.09834441771615,41.89319832036978,4.48
448,20192Salta,Salta,2019,2,41.89319832036978,41.89319832036978,44.47617792228716,6.17
424,20193Salta,Salta,2019,3,44.47617792228716,44.47617792228716,50.35463892238824,13.22
400,20194Salta,Salta,2019,4,50.35463892238824,50.35463892238824,49.59568027012866,-1.51
376,20201Salta,Salta,2020,1,49.59568027012866,49.59568027012866,51.58158335340357,4.0
352,20202Salta,Salta,2020,2,51.58158335340357,51.58158335340357,52.31571212848803,1.42
328,20203Salta,Salta,2020,3,52.31571212848803,52.31571212848803,54.04275200147659,3.3
304,20204Salta,Salta,2020,4,54.04275200147659,54.04275200147659,53.93001926339093,-0.21
280,20211Salta,Salta,2021,1,53.93001926339093,53.93001926339093,54.930090174788894,1.85
256,20212Salta,Salta,2021,2,54.930090174788894,54.930090174788894,55.964278059584196,1.88
232,20213Salta,Salta,2021,3,55.964278059584196,55.964278059584196,56.81442605762217,1.52
208,20214Salta,Salta,2021,4,56.81442605762217,56.81442605762217,56.10759340849759,-1.24
184,20221Salta,Salta,2022,1,56.10759340849759,56.10759340849759,57.54,2.55
160,20222Salta,Salta,2022,2,57.54,57.54,57.76,0.38
136,20223Salta,Salta,2022,3,57.76,57.76,57.96,0.35
112,20224Salta,Salta,2022,4,57.96,57.96,57.67,-0.5
88,20231Salta,Salta,2023,1,57.67,57.67,57.48,-0.33
64,20232Salta,Salta,2023,2,57.48,57.48,57.57,0.16
40,20233Salta,Salta,2023,3,57.57,57.57,56.98,-1.02
953,20141San Juan,San Juan,2014,1,27.59549302299609,27.59549302299609,27.782697817958912,0.68
929,20142San Juan,San Juan,2014,2,27.782697817958912,27.782697817958912,27.854244478102743,0.26
905,20143San Juan,San Juan,2014,3,27.854244478102743,27.854244478102743,28.037145714560673,0.66
881,20144San Juan,San Juan,2014,4,28.037145714560673,28.037145714560673,27.553192759766446,-1.73
857,20151San Juan,San Juan,2015,1,27.553192759766446,27.553192759766446,27.64305342045848,0.33
833,20152San Juan,San Juan,2015,2,27.64305342045848,27.64305342045848,27.66538565566005,0.08
809,20153San Juan,San Juan,2015,3,27.66538565566005,27.66538565566005,27.6648539357743,-0.0
785,20154San Juan,San Juan,2015,4,27.6648539357743,27.6648539357743,27.330794110004312,-1.21
761,20161San Juan,San Juan,2016,1,27.330794110004312,27.330794110004312,27.34078151409113,0.04
737,20162San Juan,San Juan,2016,2,27.34078151409113,27.34078151409113,27.31712713599077,-0.09
713,20163San Juan,San Juan,2016,3,27.31712713599077,27.31712713599077,27.292421452197058,-0.09
689,20164San Juan,San Juan,2016,4,27.292421452197058,27.292421452197058,27.03676098842391,-0.94
665,20171San Juan,San Juan,2017,1,27.03676098842391,27.03676098842391,26.96461612024698,-0.27
641,20172San Juan,San Juan,2017,2,26.96461612024698,26.96461612024698,32.36688935995978,20.03
617,20173San Juan,San Juan,2017,3,32.36688935995978,32.36688935995978,30.29992919128174,-6.39
593,20174San Juan,San Juan,2017,4,30.29992919128174,30.29992919128174,32.60917745169287,7.62
569,20181San Juan,San Juan,2018,1,32.60917745169287,32.60917745169287,32.94664884868421,1.03
545,20182San Juan,San Juan,2018,2,32.94664884868421,32.94664884868421,33.05141650392377,0.32
521,20183San Juan,San Juan,2018,3,33.05141650392377,33.05141650392377,31.89625207025579,-3.5
497,20184San Juan,San Juan,2018,4,31.89625207025579,31.89625207025579,31.833058053465464,-0.2
473,20191San Juan,San Juan,2019,1,31.833058053465464,31.833058053465464,35.59971733748176,11.83
449,20192San Juan,San Juan,2019,2,35.59971733748176,35.59971733748176,37.06231303554226,4.11
425,20193San Juan,San Juan,2019,3,37.06231303554226,37.06231303554226,32.85497572815534,-11.35
401,20194San Juan,San Juan,2019,4,32.85497572815534,32.85497572815534,32.392292136304725,-1.41
377,20201San Juan,San Juan,2020,1,32.392292136304725,32.392292136304725,35.09485776365026,8.34
353,20202San Juan,San Juan,2020,2,35.09485776365026,35.09485776365026,38.78995525412846,10.53
329,20203San Juan,San Juan,2020,3,38.78995525412846,38.78995525412846,36.32088215575813,-6.37
305,20204San Juan,San Juan,2020,4,36.32088215575813,36.32088215575813,39.055194335357605,7.53
281,20211San Juan,San Juan,2021,1,39.055194335357605,39.055194335357605,39.28402570062062,0.59
257,20212San Juan,San Juan,2021,2,39.28402570062062,39.28402570062062,39.4554480019856,0.44
233,20213San Juan,San Juan,2021,3,39.4554480019856,39.4554480019856,39.588851864871685,0.34
209,20214San Juan,San Juan,2021,4,39.588851864871685,39.588851864871685,43.54598160933163,10.0
185,20221San Juan,San Juan,2022,1,43.54598160933163,43.54598160933163,49.46,13.58
161,20222San Juan,San Juan,2022,2,49.46,49.46,50.8,2.71
137,20223San Juan,San Juan,2022,3,50.8,50.8,50.88,0.16
113,20224San Juan,San Juan,2022,4,50.88,50.88,49.75,-2.22
89,20231San Juan,San Juan,2023,1,49.75,49.75,47.52,-4.48
65,20232San Juan,San Juan,2023,2,47.52,47.52,50.45,6.17
41,20233San Juan,San Juan,2023,3,50.45,50.45,50.08,-0.73
954,20141San Luis,San Luis,2014,1,9.347207842190002,9.347207842190002,9.717910199871824,3.97
930,20142San Luis,San Luis,2014,2,9.717910199871824,9.717910199871824,9.711210759672754,-0.07
906,20143San Luis,San Luis,2014,3,9.711210759672754,9.711210759672754,9.786393366351197,0.77
882,20144San Luis,San Luis,2014,4,9.786393366351197,9.786393366351197,9.716048963760594,-0.72
858,20151San Luis,San Luis,2015,1,9.716048963760594,9.716048963760594,9.707971837203658,-0.08
834,20152San Luis,San Luis,2015,2,9.707971837203658,9.707971837203658,9.70650326873876,-0.02
810,20153San Luis,San Luis,2015,3,9.70650326873876,9.70650326873876,9.705768984506312,-0.01
786,20154San Luis,San Luis,2015,4,9.705768984506312,9.705768984506312,9.586346282770212,-1.23
762,20161San Luis,San Luis,2016,1,9.586346282770212,9.586346282770212,9.60373385160232,0.18
738,20162San Luis,San Luis,2016,2,9.60373385160232,9.60373385160232,9.630539686885156,0.28
714,20163San Luis,San Luis,2016,3,9.630539686885156,9.630539686885156,9.640682435370556,0.11
690,20164San Luis,San Luis,2016,4,9.640682435370556,9.640682435370556,9.545500193678896,-0.99
666,20171San Luis,San Luis,2017,1,9.545500193678896,9.545500193678896,9.513970314868304,-0.33
642,20172San Luis,San Luis,2017,2,9.513970314868304,9.513970314868304,15.477861790298098,62.69
618,20173San Luis,San Luis,2017,3,15.477861790298098,15.477861790298098,10.586731069754228,-31.6
594,20174San Luis,San Luis,2017,4,10.586731069754228,10.586731069754228,15.14879034827491,43.09
570,20181San Luis,San Luis,2018,1,15.14879034827491,15.14879034827491,15.150424491351384,0.01
546,20182San Luis,San Luis,2018,2,15.150424491351384,15.150424491351384,52.35311497551916,245.56
522,20183San Luis,San Luis,2018,3,52.35311497551916,52.35311497551916,67.55045369760039,29.03
498,20184San Luis,San Luis,2018,4,67.55045369760039,67.55045369760039,67.3379373977716,-0.31
474,20191San Luis,San Luis,2019,1,67.3379373977716,67.3379373977716,81.789994425864,21.46
450,20192San Luis,San Luis,2019,2,81.789994425864,81.789994425864,85.22608876849344,4.2
426,20193San Luis,San Luis,2019,3,85.22608876849344,85.22608876849344,74.92002603481464,-12.09
402,20194San Luis,San Luis,2019,4,74.92002603481464,74.92002603481464,76.30854184641933,1.85
378,20201San Luis,San Luis,2020,1,76.30854184641933,76.30854184641933,78.4096773527651,2.75
354,20202San Luis,San Luis,2020,2,78.4096773527651,78.4096773527651,79.96172209417188,1.98
330,20203San Luis,San Luis,2020,3,79.96172209417188,79.96172209417188,81.67947806105701,2.15
306,20204San Luis,San Luis,2020,4,81.67947806105701,81.67947806105701,81.23730177127507,-0.54
282,20211San Luis,San Luis,2021,1,81.23730177127507,81.23730177127507,83.47810720063075,2.76
258,20212San Luis,San Luis,2021,2,83.47810720063075,83.47810720063075,79.87043349212911,-4.32
234,20213San Luis,San Luis,2021,3,79.87043349212911,79.87043349212911,80.29578283135379,0.53
210,20214San Luis,San Luis,2021,4,80.29578283135379,80.29578283135379,80.72423060601774,0.53
186,20221San Luis,San Luis,2022,1,80.72423060601774,80.72423060601774,81.76,1.28
162,20222San Luis,San Luis,2022,2,81.76,81.76,81.74,-0.02
138,20223San Luis,San Luis,2022,3,81.74,81.74,90.27,10.44
114,20224San Luis,San Luis,2022,4,90.27,90.27,90.17,-0.11
90,20231San Luis,San Luis,2023,1,90.17,90.17,93.41,3.59
66,20232San Luis,San Luis,2023,2,93.41,93.41,98.55,5.5
42,20233San Luis,San Luis,2023,3,98.55,98.55,102.07,3.57
955,20141Santa Cruz,Santa Cruz,2014,1,28.939093063577776,28.939093063577776,29.377007153054272,1.51
931,20142Santa Cruz,Santa Cruz,2014,2,29.377007153054272,29.377007153054272,28.231942904274984,-3.9
907,20143Santa Cruz,Santa Cruz,2014,3,28.231942904274984,28.231942904274984,27.802678969652344,-1.52
883,20144Santa Cruz,Santa Cruz,2014,4,27.802678969652344,27.802678969652344,27.994863943494483,0.69
859,20151Santa Cruz,Santa Cruz,2015,1,27.994863943494483,27.994863943494483,27.072245027448233,-3.3
835,20152Santa Cruz,Santa Cruz,2015,2,27.072245027448233,27.072245027448233,27.606060983429437,1.97
811,20153Santa Cruz,Santa Cruz,2015,3,27.606060983429437,27.606060983429437,27.74476906647967,0.5
787,20154Santa Cruz,Santa Cruz,2015,4,27.74476906647967,27.74476906647967,26.86586252144999,-3.17
763,20161Santa Cruz,Santa Cruz,2016,1,26.86586252144999,26.86586252144999,26.728911725319804,-0.51
739,20162Santa Cruz,Santa Cruz,2016,2,26.728911725319804,26.728911725319804,26.835201895450695,0.4
715,20163Santa Cruz,Santa Cruz,2016,3,26.835201895450695,26.835201895450695,27.04676021484584,0.79
691,20164Santa Cruz,Santa Cruz,2016,4,27.04676021484584,27.04676021484584,26.52499173785465,-1.93
667,20171Santa Cruz,Santa Cruz,2017,1,26.52499173785465,26.52499173785465,26.24861982870955,-1.04
643,20172Santa Cruz,Santa Cruz,2017,2,26.24861982870955,26.24861982870955,33.29182971658959,26.83
619,20173Santa Cruz,Santa Cruz,2017,3,33.29182971658959,33.29182971658959,28.912492882806827,-13.15
595,20174Santa Cruz,Santa Cruz,2017,4,28.912492882806827,28.912492882806827,33.55275989857616,16.05
571,20181Santa Cruz,Santa Cruz,2018,1,33.55275989857616,33.55275989857616,33.33236451006607,-0.66
547,20182Santa Cruz,Santa Cruz,2018,2,33.33236451006607,33.33236451006607,32.72785029455932,-1.81
523,20183Santa Cruz,Santa Cruz,2018,3,32.72785029455932,32.72785029455932,23.68919410065612,-27.62
499,20184Santa Cruz,Santa Cruz,2018,4,23.68919410065612,23.68919410065612,23.66765499676892,-0.09
475,20191Santa Cruz,Santa Cruz,2019,1,23.66765499676892,23.66765499676892,28.846063055322123,21.88
451,20192Santa Cruz,Santa Cruz,2019,2,28.846063055322123,28.846063055322123,35.62816097885956,23.51
427,20193Santa Cruz,Santa Cruz,2019,3,35.62816097885956,35.62816097885956,36.71136308535834,3.04
403,20194Santa Cruz,Santa Cruz,2019,4,36.71136308535834,36.71136308535834,35.97427628896549,-2.01
379,20201Santa Cruz,Santa Cruz,2020,1,35.97427628896549,35.97427628896549,35.79262396979603,-0.5
355,20202Santa Cruz,Santa Cruz,2020,2,35.79262396979603,35.79262396979603,35.95152890784452,0.44
331,20203Santa Cruz,Santa Cruz,2020,3,35.95152890784452,35.95152890784452,36.99957245908797,2.92
307,20204Santa Cruz,Santa Cruz,2020,4,36.99957245908797,36.99957245908797,41.64783103990742,12.56
283,20211Santa Cruz,Santa Cruz,2021,1,41.64783103990742,41.64783103990742,44.01491665543425,5.68
259,20212Santa Cruz,Santa Cruz,2021,2,44.01491665543425,44.01491665543425,43.74732028012005,-0.61
235,20213Santa Cruz,Santa Cruz,2021,3,43.74732028012005,43.74732028012005,43.05121466117346,-1.59
211,20214Santa Cruz,Santa Cruz,2021,4,43.05121466117346,43.05121466117346,43.33842311053054,0.67
187,20221Santa Cruz,Santa Cruz,2022,1,43.33842311053054,43.33842311053054,43.15,-0.43
163,20222Santa Cruz,Santa Cruz,2022,2,43.15,43.15,43.19,0.09
139,20223Santa Cruz,Santa Cruz,2022,3,43.19,43.19,43.53,0.79
115,20224Santa Cruz,Santa Cruz,2022,4,43.53,43.53,43.42,-0.25
91,20231Santa Cruz,Santa Cruz,2023,1,43.42,43.42,41.66,-4.05
67,20232Santa Cruz,Santa Cruz,2023,2,41.66,41.66,40.89,-1.85
43,20233Santa Cruz,Santa Cruz,2023,3,40.89,40.89,73.75,80.36
956,20141Santa Fe,Santa Fe,2014,1,47.84766256547095,47.84766256547095,48.39035138670138,1.13
932,20142Santa Fe,Santa Fe,2014,2,48.39035138670138,48.39035138670138,49.19588444557267,1.66
908,20143Santa Fe,Santa Fe,2014,3,49.19588444557267,49.19588444557267,49.999623023482705,1.63
884,20144Santa Fe,Santa Fe,2014,4,49.999623023482705,49.999623023482705,50.24449475931921,0.49
860,20151Santa Fe,Santa Fe,2015,1,50.24449475931921,50.24449475931921,51.17653890867876,1.86
836,20152Santa Fe,Santa Fe,2015,2,51.17653890867876,51.17653890867876,52.14595474084349,1.89
812,20153Santa Fe,Santa Fe,2015,3,52.14595474084349,52.14595474084349,52.60808978585806,0.89
788,20154Santa Fe,Santa Fe,2015,4,52.60808978585806,52.60808978585806,51.27734085407622,-2.53
764,20161Santa Fe,Santa Fe,2016,1,51.27734085407622,51.27734085407622,52.43647725937112,2.26
740,20162Santa Fe,Santa Fe,2016,2,52.43647725937112,52.43647725937112,52.67215036886248,0.45
716,20163Santa Fe,Santa Fe,2016,3,52.67215036886248,52.67215036886248,52.19105023718895,-0.91
692,20164Santa Fe,Santa Fe,2016,4,52.19105023718895,52.19105023718895,51.970107692080425,-0.42
668,20171Santa Fe,Santa Fe,2017,1,51.970107692080425,51.970107692080425,52.26961123969867,0.58
644,20172Santa Fe,Santa Fe,2017,2,52.26961123969867,52.26961123969867,60.90635563451515,16.52
620,20173Santa Fe,Santa Fe,2017,3,60.90635563451515,60.90635563451515,61.7127712196729,1.32
596,20174Santa Fe,Santa Fe,2017,4,61.7127712196729,61.7127712196729,62.28199844300957,0.92
572,20181Santa Fe,Santa Fe,2018,1,62.28199844300957,62.28199844300957,62.57079239957442,0.46
548,20182Santa Fe,Santa Fe,2018,2,62.57079239957442,62.57079239957442,63.4096146162309,1.34
524,20183Santa Fe,Santa Fe,2018,3,63.4096146162309,63.4096146162309,65.58706886191564,3.43
500,20184Santa Fe,Santa Fe,2018,4,65.58706886191564,65.58706886191564,66.97409094791476,2.11
476,20191Santa Fe,Santa Fe,2019,1,66.97409094791476,66.97409094791476,67.42291993321949,0.67
452,20192Santa Fe,Santa Fe,2019,2,67.42291993321949,67.42291993321949,68.87178057593026,2.15
428,20193Santa Fe,Santa Fe,2019,3,68.87178057593026,68.87178057593026,69.48235725596862,0.89
404,20194Santa Fe,Santa Fe,2019,4,69.48235725596862,69.48235725596862,69.52357940253133,0.06
380,20201Santa Fe,Santa Fe,2020,1,69.52357940253133,69.52357940253133,70.002168637187,0.69
356,20202Santa Fe,Santa Fe,2020,2,70.002168637187,70.002168637187,72.12060247348236,3.03
332,20203Santa Fe,Santa Fe,2020,3,72.12060247348236,72.12060247348236,73.58073807267776,2.02
308,20204Santa Fe,Santa Fe,2020,4,73.58073807267776,73.58073807267776,73.91656407026184,0.46
284,20211Santa Fe,Santa Fe,2021,1,73.91656407026184,73.91656407026184,75.06878626293008,1.56
260,20212Santa Fe,Santa Fe,2021,2,75.06878626293008,75.06878626293008,75.01704762728227,-0.07
236,20213Santa Fe,Santa Fe,2021,3,75.01704762728227,75.01704762728227,77.08920179439227,2.76
212,20214Santa Fe,Santa Fe,2021,4,77.08920179439227,77.08920179439227,77.30458474758402,0.28
188,20221Santa Fe,Santa Fe,2022,1,77.30458474758402,77.30458474758402,77.9,0.77
164,20222Santa Fe,Santa Fe,2022,2,77.9,77.9,78.55,0.83
140,20223Santa Fe,Santa Fe,2022,3,78.55,78.55,78.4,-0.19
116,20224Santa Fe,Santa Fe,2022,4,78.4,78.4,78.13,-0.34
92,20231Santa Fe,Santa Fe,2023,1,78.13,78.13,78.83,0.9
68,20232Santa Fe,Santa Fe,2023,2,78.83,78.83,79.09,0.33
44,20233Santa Fe,Santa Fe,2023,3,79.09,79.09,79.75,0.83
957,20141Santiago Del Estero,Santiago Del Estero,2014,1,16.309923503967603,16.309923503967603,16.695567347354444,2.36
933,20142Santiago Del Estero,Santiago Del Estero,2014,2,16.695567347354444,16.695567347354444,16.49220390830193,-1.22
909,20143Santiago Del Estero,Santiago Del Estero,2014,3,16.49220390830193,16.49220390830193,17.26920158364512,4.71
885,20144Santiago Del Estero,Santiago Del Estero,2014,4,17.26920158364512,17.26920158364512,17.0558169911586,-1.24
861,20151Santiago Del Estero,Santiago Del Estero,2015,1,17.0558169911586,17.0558169911586,17.110566632982863,0.32
837,20152Santiago Del Estero,Santiago Del Estero,2015,2,17.110566632982863,17.110566632982863,17.11882253135319,0.05
813,20153Santiago Del Estero,Santiago Del Estero,2015,3,17.11882253135319,17.11882253135319,17.00497803803607,-0.67
789,20154Santiago Del Estero,Santiago Del Estero,2015,4,17.00497803803607,17.00497803803607,16.205749206821952,-4.7
765,20161Santiago Del Estero,Santiago Del Estero,2016,1,16.205749206821952,16.205749206821952,15.888925047306124,-1.96
741,20162Santiago Del Estero,Santiago Del Estero,2016,2,15.888925047306124,15.888925047306124,15.329646578472886,-3.52
717,20163Santiago Del Estero,Santiago Del Estero,2016,3,15.329646578472886,15.329646578472886,15.067847510433346,-1.71
693,20164Santiago Del Estero,Santiago Del Estero,2016,4,15.067847510433346,15.067847510433346,14.702119493368588,-2.43
669,20171Santiago Del Estero,Santiago Del Estero,2017,1,14.702119493368588,14.702119493368588,14.118988073971998,-3.97
645,20172Santiago Del Estero,Santiago Del Estero,2017,2,14.118988073971998,14.118988073971998,35.12104488438485,148.75
621,20173Santiago Del Estero,Santiago Del Estero,2017,3,35.12104488438485,35.12104488438485,29.126386109501063,-17.07
597,20174Santiago Del Estero,Santiago Del Estero,2017,4,29.126386109501063,29.126386109501063,34.9882694482421,20.13
573,20181Santiago Del Estero,Santiago Del Estero,2018,1,34.9882694482421,34.9882694482421,35.256464211164236,0.77
549,20182Santiago Del Estero,Santiago Del Estero,2018,2,35.256464211164236,35.256464211164236,36.24961697805127,2.82
525,20183Santiago Del Estero,Santiago Del Estero,2018,3,36.24961697805127,36.24961697805127,37.40072595129344,3.18
501,20184Santiago Del Estero,Santiago Del Estero,2018,4,37.40072595129344,37.40072595129344,37.519416746003905,0.32
477,20191Santiago Del Estero,Santiago Del Estero,2019,1,37.519416746003905,37.519416746003905,52.78997126317105,40.7
453,20192Santiago Del Estero,Santiago Del Estero,2019,2,52.78997126317105,52.78997126317105,55.30391146854541,4.76
429,20193Santiago Del Estero,Santiago Del Estero,2019,3,55.30391146854541,55.30391146854541,42.92077382358182,-22.39
405,20194Santiago Del Estero,Santiago Del Estero,2019,4,42.92077382358182,42.92077382358182,42.466359187991806,-1.06
381,20201Santiago Del Estero,Santiago Del Estero,2020,1,42.466359187991806,42.466359187991806,43.46716682468362,2.36
357,20202Santiago Del Estero,Santiago Del Estero,2020,2,43.46716682468362,43.46716682468362,43.37593131691913,-0.21
333,20203Santiago Del Estero,Santiago Del Estero,2020,3,43.37593131691913,43.37593131691913,43.749256620689934,0.86
309,20204Santiago Del Estero,Santiago Del Estero,2020,4,43.749256620689934,43.749256620689934,45.67308282365455,4.4
285,20211Santiago Del Estero,Santiago Del Estero,2021,1,45.67308282365455,45.67308282365455,46.557275364921054,1.94
261,20212Santiago Del Estero,Santiago Del Estero,2021,2,46.557275364921054,46.557275364921054,47.0,0.95
237,20213Santiago Del Estero,Santiago Del Estero,2021,3,47.0,47.0,47.0459491943867,0.1
213,20214Santiago Del Estero,Santiago Del Estero,2021,4,47.0459491943867,47.0459491943867,47.17273839324049,0.27
189,20221Santiago Del Estero,Santiago Del Estero,2022,1,47.17273839324049,47.17273839324049,47.7,1.12
165,20222Santiago Del Estero,Santiago Del Estero,2022,2,47.7,47.7,47.98,0.59
141,20223Santiago Del Estero,Santiago Del Estero,2022,3,47.98,47.98,48.05,0.15
117,20224Santiago Del Estero,Santiago Del Estero,2022,4,48.05,48.05,47.55,-1.04
93,20231Santiago Del Estero,Santiago Del Estero,2023,1,47.55,47.55,47.14,-0.86
69,20232Santiago Del Estero,Santiago Del Estero,2023,2,47.14,47.14,48.67,3.25
45,20233Santiago Del Estero,Santiago Del Estero,2023,3,48.67,48.67,49.08,0.84
958,20141Tierra Del Fuego,Tierra Del Fuego,2014,1,63.965925574153744,63.965925574153744,64.35604517159936,0.61
934,20142Tierra Del Fuego,Tierra Del Fuego,2014,2,64.35604517159936,64.35604517159936,65.68610204476191,2.07
910,20143Tierra Del Fuego,Tierra Del Fuego,2014,3,65.68610204476191,65.68610204476191,66.13781947338316,0.69
886,20144Tierra Del Fuego,Tierra Del Fuego,2014,4,66.13781947338316,66.13781947338316,74.23495170010268,12.24
862,20151Tierra Del Fuego,Tierra Del Fuego,2015,1,74.23495170010268,74.23495170010268,74.50787431664719,0.37
838,20152Tierra Del Fuego,Tierra Del Fuego,2015,2,74.50787431664719,74.50787431664719,74.85845784033849,0.47
814,20153Tierra Del Fuego,Tierra Del Fuego,2015,3,74.85845784033849,74.85845784033849,66.46220433623792,-11.22
790,20154Tierra Del Fuego,Tierra Del Fuego,2015,4,66.46220433623792,66.46220433623792,65.83304163135006,-0.95
766,20161Tierra Del Fuego,Tierra Del Fuego,2016,1,65.83304163135006,65.83304163135006,67.71824288255286,2.86
742,20162Tierra Del Fuego,Tierra Del Fuego,2016,2,67.71824288255286,67.71824288255286,68.94049249100736,1.8
718,20163Tierra Del Fuego,Tierra Del Fuego,2016,3,68.94049249100736,68.94049249100736,70.30526590539473,1.98
694,20164Tierra Del Fuego,Tierra Del Fuego,2016,4,70.30526590539473,70.30526590539473,68.91974851288131,-1.97
670,20171Tierra Del Fuego,Tierra Del Fuego,2017,1,68.91974851288131,68.91974851288131,68.46322075955756,-0.66
646,20172Tierra Del Fuego,Tierra Del Fuego,2017,2,68.46322075955756,68.46322075955756,65.74180473434595,-3.98
622,20173Tierra Del Fuego,Tierra Del Fuego,2017,3,65.74180473434595,65.74180473434595,59.89413596263622,-8.89
598,20174Tierra Del Fuego,Tierra Del Fuego,2017,4,59.89413596263622,59.89413596263622,65.19963702359347,8.86
574,20181Tierra Del Fuego,Tierra Del Fuego,2018,1,65.19963702359347,65.19963702359347,91.60519629538562,40.5
550,20182Tierra Del Fuego,Tierra Del Fuego,2018,2,91.60519629538562,91.60519629538562,92.77191839394062,1.27
526,20183Tierra Del Fuego,Tierra Del Fuego,2018,3,92.77191839394062,92.77191839394062,93.59257086207944,0.88
502,20184Tierra Del Fuego,Tierra Del Fuego,2018,4,93.59257086207944,93.59257086207944,93.37581922721242,-0.23
478,20191Tierra Del Fuego,Tierra Del Fuego,2019,1,93.37581922721242,93.37581922721242,94.79803428023492,1.52
454,20192Tierra Del Fuego,Tierra Del Fuego,2019,2,94.79803428023492,94.79803428023492,96.46210963092378,1.76
430,20193Tierra Del Fuego,Tierra Del Fuego,2019,3,96.46210963092378,96.46210963092378,79.69536136377089,-17.38
406,20194Tierra Del Fuego,Tierra Del Fuego,2019,4,79.69536136377089,79.69536136377089,76.06964979018785,-4.55
382,20201Tierra Del Fuego,Tierra Del Fuego,2020,1,76.06964979018785,76.06964979018785,76.36948260742473,0.39
358,20202Tierra Del Fuego,Tierra Del Fuego,2020,2,76.36948260742473,76.36948260742473,76.80909583946696,0.58
334,20203Tierra Del Fuego,Tierra Del Fuego,2020,3,76.80909583946696,76.80909583946696,76.26583496977399,-0.71
310,20204Tierra Del Fuego,Tierra Del Fuego,2020,4,76.26583496977399,76.26583496977399,77.34935609177366,1.42
286,20211Tierra Del Fuego,Tierra Del Fuego,2021,1,77.34935609177366,77.34935609177366,67.88580775229184,-12.23
262,20212Tierra Del Fuego,Tierra Del Fuego,2021,2,67.88580775229184,67.88580775229184,94.95386825985028,39.87
238,20213Tierra Del Fuego,Tierra Del Fuego,2021,3,94.95386825985028,94.95386825985028,98.40061644865432,3.63
214,20214Tierra Del Fuego,Tierra Del Fuego,2021,4,98.40061644865432,98.40061644865432,98.29055038672794,-0.11
190,20221Tierra Del Fuego,Tierra Del Fuego,2022,1,98.29055038672794,98.29055038672794,99.86,1.6
166,20222Tierra Del Fuego,Tierra Del Fuego,2022,2,99.86,99.86,99.51,-0.35
142,20223Tierra Del Fuego,Tierra Del Fuego,2022,3,99.51,99.51,101.44,1.94
118,20224Tierra Del Fuego,Tierra Del Fuego,2022,4,101.44,101.44,104.23,2.75
94,20231Tierra Del Fuego,Tierra Del Fuego,2023,1,104.23,104.23,106.38,2.06
70,20232Tierra Del Fuego,Tierra Del Fuego,2023,2,106.38,106.38,105.95,-0.4
46,20233Tierra Del Fuego,Tierra Del Fuego,2023,3,105.95,105.95,110.49,4.29
959,20141Tucumán,Tucumán,2014,1,33.4209747934719,33.4209747934719,33.94452688568229,1.57
935,20142Tucumán,Tucumán,2014,2,33.94452688568229,33.94452688568229,33.94375582221807,-0.0
911,20143Tucumán,Tucumán,2014,3,33.94375582221807,33.94375582221807,35.32087516932818,4.06
887,20144Tucumán,Tucumán,2014,4,35.32087516932818,35.32087516932818,35.07860688538978,-0.69
863,20151Tucumán,Tucumán,2015,1,35.07860688538978,35.07860688538978,35.68770560918727,1.74
839,20152Tucumán,Tucumán,2015,2,35.68770560918727,35.68770560918727,36.61035952774264,2.59
815,20153Tucumán,Tucumán,2015,3,36.61035952774264,36.61035952774264,37.06217328329588,1.23
791,20154Tucumán,Tucumán,2015,4,37.06217328329588,37.06217328329588,36.72477136636591,-0.91
767,20161Tucumán,Tucumán,2016,1,36.72477136636591,36.72477136636591,37.23568289338424,1.39
743,20162Tucumán,Tucumán,2016,2,37.23568289338424,37.23568289338424,37.89736341023836,1.78
719,20163Tucumán,Tucumán,2016,3,37.89736341023836,37.89736341023836,37.9807622036193,0.22
695,20164Tucumán,Tucumán,2016,4,37.9807622036193,37.9807622036193,37.90016075894098,-0.21
671,20171Tucumán,Tucumán,2017,1,37.90016075894098,37.90016075894098,38.18623365639289,0.75
647,20172Tucumán,Tucumán,2017,2,38.18623365639289,38.18623365639289,39.69537916123259,3.95
623,20173Tucumán,Tucumán,2017,3,39.69537916123259,39.69537916123259,39.8968735176797,0.51
599,20174Tucumán,Tucumán,2017,4,39.8968735176797,39.8968735176797,41.17600938886616,3.21
575,20181Tucumán,Tucumán,2018,1,41.17600938886616,41.17600938886616,41.512563170017415,0.82
551,20182Tucumán,Tucumán,2018,2,41.512563170017415,41.512563170017415,41.68101359528755,0.41
527,20183Tucumán,Tucumán,2018,3,41.68101359528755,41.68101359528755,41.75796963877769,0.18
503,20184Tucumán,Tucumán,2018,4,41.75796963877769,41.75796963877769,41.63074443134759,-0.3
479,20191Tucumán,Tucumán,2019,1,41.63074443134759,41.63074443134759,40.13604621420884,-3.59
455,20192Tucumán,Tucumán,2019,2,40.13604621420884,40.13604621420884,39.487600204016815,-1.62
431,20193Tucumán,Tucumán,2019,3,39.487600204016815,39.487600204016815,47.64902012521289,20.67
407,20194Tucumán,Tucumán,2019,4,47.64902012521289,47.64902012521289,47.84792325850032,0.42
383,20201Tucumán,Tucumán,2020,1,47.84792325850032,47.84792325850032,51.78074091030483,8.22
359,20202Tucumán,Tucumán,2020,2,51.78074091030483,51.78074091030483,53.2281495112899,2.8
335,20203Tucumán,Tucumán,2020,3,53.2281495112899,53.2281495112899,54.78340441369959,2.92
311,20204Tucumán,Tucumán,2020,4,54.78340441369959,54.78340441369959,54.81892254125389,0.06
287,20211Tucumán,Tucumán,2021,1,54.81892254125389,54.81892254125389,54.928196510348045,0.2
263,20212Tucumán,Tucumán,2021,2,54.928196510348045,54.928196510348045,54.63604486100796,-0.53
239,20213Tucumán,Tucumán,2021,3,54.63604486100796,54.63604486100796,55.92599102424391,2.36
215,20214Tucumán,Tucumán,2021,4,55.92599102424391,55.92599102424391,57.39003227231194,2.62
191,20221Tucumán,Tucumán,2022,1,57.39003227231194,57.39003227231194,59.31,3.35
167,20222Tucumán,Tucumán,2022,2,59.31,59.31,61.14,3.09
143,20223Tucumán,Tucumán,2022,3,61.14,61.14,61.04,-0.16
119,20224Tucumán,Tucumán,2022,4,61.04,61.04,60.34,-1.15
95,20231Tucumán,Tucumán,2023,1,60.34,60.34,60.75,0.68
71,20232Tucumán,Tucumán,2023,2,60.75,60.75,61.26,0.84
47,20233Tucumán,Tucumán,2023,3,61.26,61.26,61.04,-0.36
