Año,Trimestre,Provincia,Accesos telefonía fija por cada 100 hab,Accesos telefonía fija por cada 100 hogares
2014,1,Buenos Aires,26.71754097637023,85.26487965836321
2014,1,Capital Federal,52.66310752251635,128.57034093318336
2014,1,Catamarca,10.034940315611353,39.44659590264262
2014,1,Chaco,9.094093463116193,34.022053433325745
2014,1,Chubut,17.657914414568747,57.59462956340335
2014,1,Córdoba,21.09164300566625,68.8842540851804
2014,1,Corrientes,9.713546014023903,36.884951176157685
2014,1,Entre Ríos,17.14151596972427,57.326999825392434
2014,1,Formosa,7.377900390215247,28.984601436832925
2014,1,Jujuy,7.814437989654778,30.555215970809485
2014,1,La Pampa,21.26068376068376,64.52300554426003
2014,1,La Rioja,10.979221909123908,41.24124436673224
2014,1,Mendoza,17.259200413035764,61.83957224588023
2014,1,Misiones,9.492694978059705,34.84645472513624
2014,1,Neuquén,15.269578986624385,51.28707106120783
2014,1,Río Negro,17.693214146386953,57.514775906879166
2014,1,Salta,10.763841269154529,44.436937415977106
2014,1,San Juan,12.708558374996452,49.886151896852844
2014,1,San Luis,10.924384262072751,38.16769687093303
2014,1,Santa Cruz,13.171295516057151,44.250456978123715
2014,1,Santa Fe,22.927498048534865,72.91043546719332
2014,1,Santiago del Estero,7.7298672793691665,31.145180043689663
2014,1,Tierra del Fuego,22.234563022118046,74.97587427048389
2014,1,Tucumán,13.474601741015713,54.39036615631549
2014,2,Buenos Aires,26.60523597024805,84.7441241160982
2014,2,Capital Federal,52.56115664138207,127.67682065177209
2014,2,Catamarca,10.018866051037632,39.382900149120786
2014,2,Chaco,9.057581701771777,33.88517475451896
2014,2,Chubut,17.572592852303174,57.31467490313664
2014,2,Córdoba,20.908244627110435,68.2846439293108
2014,2,Corrientes,9.69140692905088,36.80062924592909
2014,2,Entre Ríos,17.118674622024724,57.250119950542164
2014,2,Formosa,7.368081414107943,28.945727617181344
2014,2,Jujuy,7.822938153303573,30.588114484807683
2014,2,La Pampa,21.446048482314524,65.08533643106067
2014,2,La Rioja,10.898970404300613,40.93921448647079
2014,2,Mendoza,17.20490069178541,61.644394142673185
2014,2,Misiones,9.452613486248715,34.69889670863214
2014,2,Neuquén,15.220315610538208,51.120545490240275
2014,2,Río Negro,17.622707578263892,57.28474815127722
2014,2,Salta,10.746755254519531,44.36563313028782
2014,2,San Juan,12.668242031337106,49.72714159528583
2014,2,San Luis,10.885829793920243,38.032256423601844
2014,2,Santa Cruz,13.108802806637563,44.03788938194539
2014,2,Santa Fe,22.802567522289475,72.51280305373346
2014,2,Santiago del Estero,7.698043439395459,31.016686358824796
2014,2,Tierra del Fuego,22.078255986251413,74.44391212100471
2014,2,Tucumán,13.493543256830515,54.466092069648006
2014,3,Buenos Aires,26.690622077147818,84.85049828768376
2014,3,Capital Federal,52.69002111099782,127.34607521513811
2014,3,Catamarca,10.02049664357937,39.38997603833866
2014,3,Chaco,9.346106274614705,34.965155068203586
2014,3,Chubut,17.573277236841633,57.32003109310983
2014,3,Córdoba,20.738111927476435,67.73007744618815
2014,3,Corrientes,9.938516000252456,37.739527330350086
2014,3,Entre Ríos,17.59380928180404,58.840057471411036
2014,3,Formosa,7.361756103332538,28.92141114065608
2014,3,Jujuy,7.823840741547862,30.592296294688165
2014,3,La Pampa,21.195751155918245,64.32646875278594
2014,3,La Rioja,10.832858726844018,40.69140140553948
2014,3,Mendoza,17.148031549190787,61.442290165680134
2014,3,Misiones,9.515337809020362,34.930278542757605
2014,3,Neuquén,15.159363265893026,50.918201576255186
2014,3,Río Negro,17.573203579807107,57.12550664463557
2014,3,Salta,10.723058232719927,44.2692898092165
2014,3,San Juan,12.715469239566952,49.91364236137185
2014,3,San Luis,10.781882343948396,37.67016075786913
2014,3,Santa Cruz,13.106011222311695,44.03255069943208
2014,3,Santa Fe,22.90249728813358,72.83111908675524
2014,3,Santiago del Estero,7.6884774490245205,30.97824658542355
2014,3,Tierra del Fuego,21.96870443902472,74.0812904979836
2014,3,Tucumán,13.515556427152967,54.55621423045196
2014,4,Buenos Aires,26.963167695953384,85.54809357132712
2014,4,Capital Federal,52.93347683369339,127.29050948547074
2014,4,Catamarca,9.98875020903328,39.26554516389279
2014,4,Chaco,9.277416571657474,34.70845725917216
2014,4,Chubut,17.755560984918066,57.91552507431257
2014,4,Córdoba,20.647162152746336,67.4334465015363
2014,4,Corrientes,9.887247472018599,37.545094149089905
2014,4,Entre Ríos,17.51074588261622,58.56256968734249
2014,4,Formosa,7.313690364599607,28.732857327959522
2014,4,Jujuy,7.812454593636398,30.547965218520545
2014,4,La Pampa,21.412787358006167,64.98532420172552
2014,4,La Rioja,10.736963316334922,40.33161688980433
2014,4,Mendoza,17.493758236031585,62.68139024562894
2014,4,Misiones,9.46718701302221,34.753735473159935
2014,4,Neuquén,15.285469183913323,51.34258828932764
2014,4,Río Negro,17.800559852245183,57.865408338922954
2014,4,Salta,10.67764493093342,44.08228885385612
2014,4,San Juan,12.961683772247131,50.880317470504544
2014,4,San Luis,10.841950903654611,37.88037853023806
2014,4,Santa Cruz,13.17337343434728,44.260984501247144
2014,4,Santa Fe,22.787103964063775,72.46444285179521
2014,4,Santiago del Estero,7.64648544443035,30.809254615512316
2014,4,Tierra del Fuego,21.95860743785111,74.04940827071053
2014,4,Tucumán,13.473395752454898,54.38648904686395
2015,1,Buenos Aires,28.930004632901312,91.60693229646867
2015,1,Capital Federal,53.53260905172922,128.08327729155988
2015,1,Catamarca,9.893687472511917,38.89192492274674
2015,1,Chaco,9.152741476536937,34.241963402977824
2015,1,Chubut,18.509623918152325,60.3750535542664
2015,1,Córdoba,20.510624770548,66.98738503661372
2015,1,Corrientes,10.17378123942516,38.633135778738854
2015,1,Entre Ríos,17.451178400048594,58.36321252996384
2015,1,Formosa,7.248186394800507,28.47540191722852
2015,1,Jujuy,7.787330791177135,30.449629130141602
2015,1,La Pampa,22.474137578142816,68.20658443517614
2015,1,La Rioja,10.628380962788919,39.923646103796145
2015,1,Mendoza,18.053147946232343,64.68561683424993
2015,1,Misiones,9.331199059839019,34.25452719727516
2015,1,Neuquén,15.584143901038846,52.34549475450198
2015,1,Río Negro,18.30850849699514,59.516364978991696
2015,1,Salta,10.620185178487468,43.84489757827446
2015,1,San Juan,13.359434540265097,52.44156716776075
2015,1,San Luis,10.97413100462466,38.34206435165742
2015,1,Santa Cruz,18.170735932917744,61.05072655497582
2015,1,Santa Fe,22.623189162913135,71.94307671803227
2015,1,Santiago del Estero,7.580289366119509,30.542569460480394
2015,1,Tierra del Fuego,22.145289744643073,74.67825542943963
2015,1,Tucumán,13.383779312188562,54.024647242074394
2015,2,Buenos Aires,28.032824548190238,88.58980634230011
2015,2,Capital Federal,54.18247868999331,128.9855614748156
2015,2,Catamarca,9.869685156513977,38.797256309101364
2015,2,Chaco,9.126893793470572,34.145007288032886
2015,2,Chubut,19.011444461325922,62.010268585159544
2015,2,Córdoba,20.3168437274419,66.35394389865327
2015,2,Corrientes,10.148567624077529,38.53706169551709
2015,2,Entre Ríos,17.406600364608305,58.213692273399666
2015,2,Formosa,7.230156289413578,28.40445533465916
2015,2,Jujuy,7.763332718975141,30.355491018608156
2015,2,La Pampa,22.78517939397829,69.15033952775983
2015,2,La Rioja,10.591585647738503,39.784627341896424
2015,2,Mendoza,18.597374689381066,66.63496525842672
2015,2,Misiones,9.30193805104174,34.146688086999504
2015,2,Neuquén,15.785579268785241,53.02120131755308
2015,2,Río Negro,18.82754737902215,61.2028779658649
2015,2,Salta,10.583701002844245,43.69369927897879
2015,2,San Juan,13.650598851873225,53.584056915281096
2015,2,San Luis,11.109429774785,38.81427742736091
2015,2,Santa Cruz,18.42160410613136,61.89000042032702
2015,2,Santa Fe,22.517064607672335,71.60528748572804
2015,2,Santiago del Estero,7.560058149316055,30.46085392242915
2015,2,Tierra del Fuego,22.495377346695708,75.85426466672584
2015,2,Tucumán,13.335093061329664,53.82747869676729
2015,3,Buenos Aires,28.239033838370965,89.06135070800715
2015,3,Capital Federal,53.26856447763112,126.1703101858086
2015,3,Catamarca,9.871807127080997,38.80604394517731
2015,3,Chaco,9.361080589450559,35.021733608590694
2015,3,Chubut,19.360751142236754,63.15240017446301
2015,3,Córdoba,20.361877374174085,66.50203097814187
2015,3,Corrientes,10.33640494036708,39.250987878120455
2015,3,Entre Ríos,17.772948854719335,59.439739407005135
2015,3,Formosa,7.205624810391903,28.30858203143517
2015,3,Jujuy,7.787140218976209,30.449251909072057
2015,3,La Pampa,22.891678478603176,69.4747721009116
2015,3,La Rioja,10.486262402092315,39.38995556642615
2015,3,Mendoza,18.970248174774028,67.97271375384865
2015,3,Misiones,9.498347403277094,34.86869842324018
2015,3,Neuquén,15.900330813472626,53.40916280263056
2015,3,Río Negro,19.107708185648974,62.115347062453274
2015,3,Salta,10.558193553371614,43.58969804207767
2015,3,San Juan,13.953132944207972,54.772754865174214
2015,3,San Luis,11.1156860207257,38.837179541475855
2015,3,Santa Cruz,18.636595708537882,62.61804362716955
2015,3,Santa Fe,22.5399656100402,71.67871120770025
2015,3,Santiago del Estero,7.4389685146585265,29.973088573694405
2015,3,Tierra del Fuego,22.972761018455586,77.46997245179064
2015,3,Tucumán,13.373418835467154,53.98345608919152
2015,4,Buenos Aires,28.167112465801598,88.65343142894841
2015,4,Capital Federal,51.448692182321395,121.24450781509697
2015,4,Catamarca,9.854669474064611,38.73882761478208
2015,4,Chaco,9.000381846482144,33.67249316613135
2015,4,Chubut,19.42777499087157,63.3721539110787
2015,4,Córdoba,20.130016324551665,65.74517404759145
2015,4,Corrientes,10.014337978246669,38.028233421843346
2015,4,Entre Ríos,17.242254846846546,57.66524674308451
2015,4,Formosa,7.148421713371798,28.083913249104793
2015,4,Jujuy,7.787041094079922,30.449080780536157
2015,4,La Pampa,23.15470348063956,70.27303333157069
2015,4,La Rioja,10.428956888021327,39.174943635366525
2015,4,Mendoza,19.063511336687124,68.30737918043359
2015,4,Misiones,9.345457296096221,34.30770146927035
2015,4,Neuquén,17.36832183913236,58.34081767203397
2015,4,Río Negro,19.216618909602047,62.47002863758261
2015,4,Salta,10.523718849756099,43.44776760555386
2015,4,San Juan,14.058612416408097,55.187138747056196
2015,4,San Luis,11.066490614423694,38.66560226082979
2015,4,Santa Cruz,16.323798720701525,54.8494523738069
2015,4,Santa Fe,22.24071514924256,70.72733423553952
2015,4,Santiago del Estero,7.350989896692907,29.618888735218864
2015,4,Tierra del Fuego,23.060546266486657,77.76902197705981
2015,4,Tucumán,13.345128960561514,53.86977904390605
2016,1,Buenos Aires,29.03652486238087,91.20286036658274
2016,1,Capital Federal,52.618074677783554,123.3742130365199
2016,1,Catamarca,9.680359123422388,38.05348056728375
2016,1,Chaco,8.864295504419287,33.163322364582605
2016,1,Chubut,21.359314645326865,69.67235941007644
2016,1,Córdoba,19.555551597878214,63.868863901582486
2016,1,Corrientes,9.473530648191662,35.97443602485551
2016,1,Entre Ríos,16.774747445328995,56.10158854817458
2016,1,Formosa,7.0585389121281485,27.730854527438304
2016,1,Jujuy,7.690346923002476,30.070996077093636
2016,1,La Pampa,24.15325688259461,73.30378811860292
2016,1,La Rioja,10.176149498062841,38.22526288091166
2016,1,Mendoza,20.060109059519547,71.87827100468289
2016,1,Misiones,9.604889330150112,35.26003993770451
2016,1,Neuquén,16.273332417240024,54.6624588069859
2016,1,Río Negro,20.637825287636556,67.08997829683115
2016,1,Salta,10.354854362799628,42.750466326330255
2016,1,San Juan,15.324483478704618,60.15603995888136
2016,1,San Luis,11.192598325593782,39.1060356044691
2016,1,Santa Cruz,14.466949881925578,48.609624567758935
2016,1,Santa Fe,21.715315598516856,69.05645210790232
2016,1,Santiago del Estero,6.898045726658481,27.793774084259347
2016,1,Tierra del Fuego,25.11217700758162,84.68746602891619
2016,1,Tucumán,13.168161532668165,53.15522881564599
2016,2,Buenos Aires,29.217269546865914,91.58215312438058
2016,2,Capital Federal,51.66214259103471,121.27388626218105
2016,2,Catamarca,9.629011671907744,37.85150420234074
2016,2,Chaco,8.920368087971148,33.372766406877034
2016,2,Chubut,20.000624363712674,65.23898691497847
2016,2,Córdoba,19.51882996142425,63.74839342396024
2016,2,Corrientes,9.48736215357487,36.02681258983789
2016,2,Entre Ríos,16.875439923655993,56.43798462546313
2016,2,Formosa,6.974546662170236,27.40075188475584
2016,2,Jujuy,7.6624192049056,29.961525789412153
2016,2,La Pampa,23.686583990980832,71.88703578603827
2016,2,La Rioja,10.167539267015707,38.19249039363408
2016,2,Mendoza,19.423709384680468,69.59727832818035
2016,2,Misiones,9.18842751008694,33.730829829928055
2016,2,Neuquén,15.753963326296619,52.917081100736894
2016,2,Río Negro,19.923528049131885,64.7670868057947
2016,2,Salta,10.30914550833682,42.56123175888247
2016,2,San Juan,14.368278615972374,56.401913372582015
2016,2,San Luis,11.026854864294911,38.52640730276027
2016,2,Santa Cruz,13.46141561748092,45.22867801114007
2016,2,Santa Fe,21.67033565395639,68.91308899769413
2016,2,Santiago del Estero,7.044250620148835,28.38264817019959
2016,2,Tierra del Fuego,24.318647540983605,82.00742852206963
2016,2,Tucumán,13.043381148558097,52.65098200287513
2016,3,Buenos Aires,28.333837553171286,88.62800683780968
2016,3,Capital Federal,52.45462215949656,123.08694309786956
2016,3,Catamarca,9.678448258676713,38.04635307485845
2016,3,Chaco,8.880978810463775,33.2260648916315
2016,3,Chubut,20.411281495267726,66.5816269063549
2016,3,Córdoba,19.497155275776056,63.67859544833272
2016,3,Corrientes,9.475297488352643,35.981616778599864
2016,3,Entre Ríos,16.810803349397936,56.222584286926114
2016,3,Formosa,7.042381015819012,27.667769360325845
2016,3,Jujuy,7.666864500253389,29.979547718457923
2016,3,La Pampa,23.8845833249209,72.48901416341323
2016,3,La Rioja,10.1712420399208,38.20694507261672
2016,3,Mendoza,19.77417423327269,70.85471335763904
2016,3,Misiones,9.173568039960687,33.67720269372798
2016,3,Neuquén,16.140704314720814,54.21833121080199
2016,3,Río Negro,20.25336411238106,65.84148222040204
2016,3,Salta,10.312071477387292,42.57446257446257
2016,3,San Juan,15.008292095403162,58.91528941864671
2016,3,San Luis,11.117311161951529,38.84335713821514
2016,3,Santa Cruz,13.512745992519774,45.4045274591412
2016,3,Santa Fe,21.57227041634432,68.6019737812399
2016,3,Santiago del Estero,6.9740345142404765,28.099999142521504
2016,3,Tierra del Fuego,24.689748172837778,83.26540243693152
2016,3,Tucumán,13.083533562785462,52.814130570465615
2016,4,Buenos Aires,28.86000888998347,90.08412085339846
2016,4,Capital Federal,52.86632024844553,125.25230170249377
2016,4,Catamarca,9.612348754359926,37.7868339783433
2016,4,Chaco,8.792840962987153,32.89655884645153
2016,4,Chubut,21.069818523057148,68.73097300479354
2016,4,Córdoba,19.44147167622814,63.49709789270407
2016,4,Corrientes,9.405928684692944,35.71832479479028
2016,4,Entre Ríos,16.652271410107588,55.692699130394274
2016,4,Formosa,7.010461416815633,27.542412597244354
2016,4,Jujuy,7.62229268641976,29.80537593508305
2016,4,La Pampa,23.99060681581416,72.81080231278494
2016,4,La Rioja,10.071140596002474,37.831286684428775
2016,4,Mendoza,19.892343192739922,71.27871072234782
2016,4,Misiones,9.517662410809837,34.94066966250731
2016,4,Neuquén,16.09821482200381,54.07618218309634
2016,4,Río Negro,20.42328398573717,66.39427615108553
2016,4,Salta,10.249443380773155,42.31633545503134
2016,4,San Juan,15.194159503190278,59.645408976630655
2016,4,San Luis,11.081312116998815,38.717919191628404
2016,4,Santa Cruz,14.1727203713539,47.62399298238538
2016,4,Santa Fe,21.613991117587418,68.73486894820977
2016,4,Santiago del Estero,6.842922969493857,27.57188976546298
2016,4,Tierra del Fuego,24.612040640954355,83.00551921068895
2016,4,Tucumán,13.043025257332813,52.65108245793483
2017,1,Buenos Aires,29.03652486238087,91.20286036658274
2017,1,Capital Federal,52.618074677783554,123.3742130365199
2017,1,Catamarca,9.680359123422388,38.05348056728375
2017,1,Chaco,8.864295504419287,33.163322364582605
2017,1,Chubut,21.359314645326865,69.67235941007644
2017,1,Córdoba,19.555551597878214,63.868863901582486
2017,1,Corrientes,9.473530648191662,35.97443602485551
2017,1,Entre Ríos,16.774747445328995,56.10158854817458
2017,1,Formosa,7.0585389121281485,27.730854527438304
2017,1,Jujuy,7.690346923002476,30.070996077093636
2017,1,La Pampa,24.15325688259461,73.30378811860292
2017,1,La Rioja,10.176149498062841,38.22526288091166
2017,1,Mendoza,20.060109059519547,71.87827100468289
2017,1,Misiones,9.604889330150112,35.26003993770451
2017,1,Neuquén,16.273332417240024,54.6624588069859
2017,1,Río Negro,20.637825287636556,67.08997829683115
2017,1,Salta,10.354854362799628,42.750466326330255
2017,1,San Juan,15.324483478704618,60.15603995888136
2017,1,San Luis,11.192598325593782,39.1060356044691
2017,1,Santa Cruz,14.466949881925578,48.609624567758935
2017,1,Santa Fe,21.715315598516856,69.05645210790232
2017,1,Santiago del Estero,6.898045726658481,27.793774084259347
2017,1,Tierra del Fuego,25.11217700758162,84.68746602891619
2017,1,Tucumán,13.168161532668165,53.15522881564599
2017,2,Buenos Aires,29.217269546865914,91.58215312438058
2017,2,Capital Federal,51.66214259103471,121.27388626218105
2017,2,Catamarca,9.629011671907744,37.85150420234074
2017,2,Chaco,8.920368087971148,33.372766406877034
2017,2,Chubut,20.000624363712674,65.23898691497847
2017,2,Córdoba,19.51882996142425,63.74839342396024
2017,2,Corrientes,9.48736215357487,36.02681258983789
2017,2,Entre Ríos,16.875439923655993,56.43798462546313
2017,2,Formosa,6.974546662170236,27.40075188475584
2017,2,Jujuy,7.6624192049056,29.961525789412153
2017,2,La Pampa,23.686583990980832,71.88703578603827
2017,2,La Rioja,10.167539267015707,38.19249039363408
2017,2,Mendoza,19.423709384680468,69.59727832818035
2017,2,Misiones,9.18842751008694,33.730829829928055
2017,2,Neuquén,15.753963326296619,52.917081100736894
2017,2,Río Negro,19.923528049131885,64.7670868057947
2017,2,Salta,10.30914550833682,42.56123175888247
2017,2,San Juan,14.368278615972374,56.401913372582015
2017,2,San Luis,11.026854864294911,38.52640730276027
2017,2,Santa Cruz,13.46141561748092,45.22867801114007
2017,2,Santa Fe,21.67033565395639,68.91308899769413
2017,2,Santiago del Estero,7.044250620148835,28.38264817019959
2017,2,Tierra del Fuego,24.318647540983605,82.00742852206963
2017,2,Tucumán,13.043381148558097,52.65098200287513
2017,3,Buenos Aires,28.333837553171286,88.62800683780968
2017,3,Capital Federal,52.45462215949656,123.08694309786956
2017,3,Catamarca,9.678448258676713,38.04635307485845
2017,3,Chaco,8.880978810463775,33.2260648916315
2017,3,Chubut,20.411281495267726,66.5816269063549
2017,3,Córdoba,19.497155275776056,63.67859544833272
2017,3,Corrientes,9.475297488352643,35.981616778599864
2017,3,Entre Ríos,16.810803349397936,56.222584286926114
2017,3,Formosa,7.042381015819012,27.667769360325845
2017,3,Jujuy,7.666864500253389,29.979547718457923
2017,3,La Pampa,23.8845833249209,72.48901416341323
2017,3,La Rioja,10.1712420399208,38.20694507261672
2017,3,Mendoza,19.77417423327269,70.85471335763904
2017,3,Misiones,9.173568039960687,33.67720269372798
2017,3,Neuquén,16.140704314720814,54.21833121080199
2017,3,Río Negro,20.25336411238106,65.84148222040204
2017,3,Salta,10.312071477387292,42.57446257446257
2017,3,San Juan,15.008292095403162,58.91528941864671
2017,3,San Luis,11.117311161951529,38.84335713821514
2017,3,Santa Cruz,13.512745992519774,45.4045274591412
2017,3,Santa Fe,21.57227041634432,68.6019737812399
2017,3,Santiago del Estero,6.9740345142404765,28.099999142521504
2017,3,Tierra del Fuego,24.689748172837778,83.26540243693152
2017,3,Tucumán,13.083533562785462,52.814130570465615
2017,4,Buenos Aires,28.86000888998347,90.08412085339846
2017,4,Capital Federal,52.86632024844553,125.25230170249377
2017,4,Catamarca,9.612348754359926,37.7868339783433
2017,4,Chaco,8.792840962987153,32.89655884645153
2017,4,Chubut,21.069818523057148,68.73097300479354
2017,4,Córdoba,19.44147167622814,63.49709789270407
2017,4,Corrientes,9.405928684692944,35.71832479479028
2017,4,Entre Ríos,16.652271410107588,55.692699130394274
2017,4,Formosa,7.010461416815633,27.542412597244354
2017,4,Jujuy,7.62229268641976,29.80537593508305
2017,4,La Pampa,23.99060681581416,72.81080231278494
2017,4,La Rioja,10.071140596002474,37.831286684428775
2017,4,Mendoza,19.892343192739922,71.27871072234782
2017,4,Misiones,9.517662410809837,34.94066966250731
2017,4,Neuquén,16.09821482200381,54.07618218309634
2017,4,Río Negro,20.42328398573717,66.39427615108553
2017,4,Salta,10.249443380773155,42.31633545503134
2017,4,San Juan,15.194159503190278,59.645408976630655
2017,4,San Luis,11.081312116998815,38.717919191628404
2017,4,Santa Cruz,14.1727203713539,47.62399298238538
2017,4,Santa Fe,21.613991117587418,68.73486894820977
2017,4,Santiago del Estero,6.842922969493857,27.57188976546298
2017,4,Tierra del Fuego,24.612040640954355,83.00551921068895
2017,4,Tucumán,13.043025257332813,52.65108245793483
2018,1,Buenos Aires,25.894878752282775,79.96676101138354
2018,1,Capital Federal,56.48246187559206,134.65111162764302
2018,1,Catamarca,9.430786017615603,37.07335452270773
2018,1,Chaco,8.418843343055306,31.49781346903077
2018,1,Chubut,19.159025390608583,62.49958873912901
2018,1,Córdoba,18.84583901401909,61.55247070923292
2018,1,Corrientes,9.070221244017047,34.44406005673562
2018,1,Entre Ríos,15.903699568846964,53.18965283378094
2018,1,Formosa,6.759623924191638,26.557420465455028
2018,1,Jujuy,7.230786233490588,28.27493921075514
2018,1,La Pampa,21.422675835059994,65.0182264222656
2018,1,La Rioja,9.431291546962486,35.42803127277024
2018,1,Mendoza,18.556379379672624,66.49287971618489
2018,1,Misiones,8.417462094230183,30.9023419287738
2018,1,Neuquén,15.099863783283398,50.724206659779405
2018,1,Río Negro,19.28481102556571,62.694851045706216
2018,1,Salta,9.695113526791948,40.02855129078115
2018,1,San Juan,15.124185804073049,59.37150485261753
2018,1,San Luis,8.982277393443487,31.384390996820994
2018,1,Santa Cruz,12.829100111441308,43.11098108055393
2018,1,Santa Fe,19.8439102894563,63.10637908137565
2018,1,Santiago del Estero,5.984033779771723,24.111347409995442
2018,1,Tierra del Fuego,20.40651599647784,68.82527635703678
2018,1,Tucumán,13.03450071589456,52.61758746321755
2018,2,Buenos Aires,26.062076406073274,80.30771873995684
2018,2,Capital Federal,56.812421622442734,135.6074039895767
2018,2,Catamarca,9.356319358967443,36.78046805721556
2018,2,Chaco,8.30640696391796,31.076923076923073
2018,2,Chubut,19.582066271583283,63.87816715710628
2018,2,Córdoba,18.57772897088857,60.676300896043664
2018,2,Corrientes,8.99813585957233,34.17008939357333
2018,2,Entre Ríos,15.718368502940711,52.56955310836212
2018,2,Formosa,6.6825851907280205,26.254558427144442
2018,2,Jujuy,7.122154198714502,27.849915113882385
2018,2,La Pampa,21.499427753527904,65.25081882434063
2018,2,La Rioja,9.187829326339052,34.51321354621552
2018,2,Mendoza,18.50807992014558,66.31923490189729
2018,2,Misiones,8.774027437200532,32.21109720483938
2018,2,Neuquén,15.037342599973686,50.513464468258796
2018,2,Río Negro,19.20820791929521,62.44504217901058
2018,2,Salta,9.512397522442145,39.273690633883525
2018,2,San Juan,15.08226427742819,59.20641447368421
2018,2,San Luis,8.953029216614992,31.2818015652898
2018,2,Santa Cruz,12.760387384348357,42.87818016237478
2018,2,Santa Fe,19.69838416598787,62.64327577318646
2018,2,Santiago del Estero,5.766384551671122,23.234125648104506
2018,2,Tierra del Fuego,20.275590551181104,68.37964101303172
2018,2,Tucumán,12.966633750592974,52.343000065948395
2018,3,Buenos Aires,26.081855850393552,80.19097219433284
2018,3,Capital Federal,57.85935248950128,138.27704878582537
2018,3,Catamarca,9.266226967149748,36.42719753798808
2018,3,Chaco,7.748752642706131,28.991289545873055
2018,3,Chubut,19.493421984486048,63.59183717845571
2018,3,Córdoba,18.28161446545789,59.71019905671315
2018,3,Corrientes,8.597545216709213,32.64963858077091
2018,3,Entre Ríos,14.692631116975798,49.13980368525823
2018,3,Formosa,6.611810147672989,25.977150918643822
2018,3,Jujuy,7.024609567386365,27.46913100877534
2018,3,La Pampa,21.45401476401661,65.11395888879332
2018,3,La Rioja,8.996279430640932,33.79431757054135
2018,3,Mendoza,18.459130012633523,66.14557719268628
2018,3,Misiones,8.408786110699685,30.871127143498118
2018,3,Neuquén,14.984334433239695,50.337625994351306
2018,3,Río Negro,19.13842630199736,62.219936138091356
2018,3,Salta,9.312481630077734,38.449464739253244
2018,3,San Juan,15.040751254135841,59.04466075153901
2018,3,San Luis,8.92003277691764,31.16734200011256
2018,3,Santa Cruz,12.660483182565555,42.54553155442609
2018,3,Santa Fe,19.294320266061295,61.359087616743565
2018,3,Santiago del Estero,5.590737629007206,22.526727586395058
2018,3,Tierra del Fuego,20.145969538366806,67.94803925560939
2018,3,Tucumán,12.893724061384038,52.050007670635104
2018,4,Buenos Aires,26.397592049148084,80.98072310088888
2018,4,Capital Federal,57.1183736282065,136.67359116366626
2018,4,Catamarca,9.02407232927002,35.47542053294694
2018,4,Chaco,8.076859814345422,30.21898777720621
2018,4,Chubut,19.49918034418907,63.611661416214694
2018,4,Córdoba,18.13596725347878,59.23480683467336
2018,4,Corrientes,8.769250396068898,33.301836873535414
2018,4,Entre Ríos,15.185885364346444,50.78973660753642
2018,4,Formosa,6.4804923868236965,25.461303160872284
2018,4,Jujuy,6.922145664483473,27.068662880743418
2018,4,La Pampa,21.62049054704422,65.61907295680606
2018,4,La Rioja,8.78733071595571,33.00970873786408
2018,4,Mendoza,18.422524392043975,66.01480998850634
2018,4,Misiones,8.413129990065265,30.887246114872376
2018,4,Neuquén,16.784027453199183,56.38390182426709
2018,4,Río Negro,19.072617475871315,62.00668480649127
2018,4,Salta,9.046641462293007,37.35219831894997
2018,4,San Juan,15.008027667783466,58.916412783446134
2018,4,San Luis,10.40169862969712,36.34489432422198
2018,4,Santa Cruz,12.601425867687446,42.34845151787593
2018,4,Santa Fe,19.971463040228297,63.51272610736618
2018,4,Santiago del Estero,7.7062306092211275,31.050954747361416
2018,4,Tierra del Fuego,20.017995321216482,67.5177534545896
2018,4,Tucumán,12.64996370621216,51.06638148902544
2019,1,Buenos Aires,20.5817357774551,62.998026234004975
2019,1,Capital Federal,52.098804555996445,124.81552210691665
2019,1,Catamarca,8.811008280565026,34.63766312100874
2019,1,Chaco,7.883659681993731,29.496160855417397
2019,1,Chubut,14.665633534287496,47.84305271100571
2019,1,Córdoba,17.690847421805543,57.7809240045362
2019,1,Corrientes,8.580589886613364,32.585297158018946
2019,1,Entre Ríos,14.882674384279742,49.77558538374991
2019,1,Formosa,6.315316384001443,24.812262045424706
2019,1,Jujuy,6.822627996682421,26.679433916611323
2019,1,La Pampa,18.59077275561713,56.42411215113341
2019,1,La Rioja,8.490575797074463,31.894843197450744
2019,1,Mendoza,12.276894644452662,43.992683888491364
2019,1,Misiones,8.181941773430413,30.038493796174347
2019,1,Neuquén,12.798289904151886,42.99421911757892
2019,1,Río Negro,13.659145311706885,44.40693713223908
2019,1,Salta,8.775160345774246,36.2311919249092
2019,1,San Juan,11.155450399443168,43.79243897962929
2019,1,San Luis,8.583728764733655,29.992590625043686
2019,1,Santa Cruz,9.662951850668355,32.47329608089102
2019,1,Santa Fe,19.577000291832558,62.258230783003796
2019,1,Santiago del Estero,7.553297766944814,30.434601058943393
2019,1,Tierra del Fuego,15.00923883888657,50.62321579349444
2019,1,Tucumán,12.393899550146683,50.032553895454804
2019,2,Buenos Aires,16.33133619483898,49.87598802657578
2019,2,Capital Federal,37.11489121485616,89.02689102403917
2019,2,Catamarca,8.524049980802783,33.50942386870588
2019,2,Chaco,7.691313557188462,28.77623299800309
2019,2,Chubut,14.167737350440145,46.21787406687883
2019,2,Córdoba,17.328344355618462,56.59646965838236
2019,2,Corrientes,8.41616218752843,31.96067767390791
2019,2,Entre Ríos,14.591885591105095,48.802780513010504
2019,2,Formosa,6.132503284406239,24.093931156453674
2019,2,Jujuy,6.727204461435053,26.306116686773272
2019,2,La Pampa,18.18632309217047,55.19598711364433
2019,2,La Rioja,8.136489705018096,30.564404465660317
2019,2,Mendoza,11.818013695359042,42.34798281386542
2019,2,Misiones,7.973486976199265,29.272833865089957
2019,2,Neuquén,12.484288496048261,41.9387111172677
2019,2,Río Negro,13.137245593451382,42.70954598370198
2019,2,Salta,8.520368946963874,35.17879128919553
2019,2,San Juan,10.888852915466053,42.74558848201077
2019,2,San Luis,6.676983023875853,23.32984949832776
2019,2,Santa Cruz,9.266856237285468,31.14052895464889
2019,2,Santa Fe,19.141995880590155,60.87454895499026
2019,2,Santiago del Estero,7.387404893790098,29.7659406105535
2019,2,Tierra del Fuego,14.362376354913225,48.43980982060809
2019,2,Tucumán,12.045350210647628,48.62505972230936
2019,3,Buenos Aires,19.627575574280385,59.80634268088013
2019,3,Capital Federal,48.733333506908735,117.03682050424294
2019,3,Catamarca,7.922875861366645,31.146697169002003
2019,3,Chaco,7.38897576100532,27.64583365958313
2019,3,Chubut,13.745331236485159,44.84175760749901
2019,3,Córdoba,16.42310895127907,53.64084218345416
2019,3,Corrientes,8.192674064440983,31.11279488859764
2019,3,Entre Ríos,14.123536318921612,47.23718414800512
2019,3,Formosa,5.983801842091252,23.510262779448293
2019,3,Jujuy,6.560607032560186,25.655294575389593
2019,3,La Pampa,17.917920449085898,54.38265867364777
2019,3,La Rioja,7.590868452692913,28.515591070963257
2019,3,Mendoza,11.435636916450244,40.97883761217663
2019,3,Misiones,7.671139264005941,28.163779731127196
2019,3,Neuquén,12.231191593586502,41.090075992349625
2019,3,Río Negro,12.736665350732506,41.40857823529929
2019,3,Salta,8.06688361487649,33.30755598517802
2019,3,San Juan,10.650344971883047,41.810069462049384
2019,3,San Luis,7.807098627386668,27.279294297423075
2019,3,Santa Cruz,8.94110091999274,30.047948354648923
2019,3,Santa Fe,18.441290914555292,58.64700920300926
2019,3,Santiago del Estero,7.15182643694277,28.817171247216777
2019,3,Tierra del Fuego,14.799489084177504,49.91760805257202
2019,3,Tucumán,11.46015908593823,46.263941951440145
2019,4,Buenos Aires,19.21394122591011,58.41163694269847
2019,4,Capital Federal,48.11627389430285,115.69307290863988
2019,4,Catamarca,7.527399414511407,29.592254063668094
2019,4,Chaco,7.258607948496349,27.158210447388154
2019,4,Chubut,13.341468109610672,43.52504776451429
2019,4,Córdoba,15.96141473938765,52.13317431401073
2019,4,Corrientes,8.068143705486614,30.639948507150084
2019,4,Entre Ríos,13.892270038692606,46.4638892123753
2019,4,Formosa,5.864050460155039,23.039890407384455
2019,4,Jujuy,6.457281544525345,25.25144228314698
2019,4,La Pampa,19.999158898156587,60.69930307955445
2019,4,La Rioja,7.259109415409827,27.269404284381345
2019,4,Mendoza,11.052058566645641,39.604536044382385
2019,4,Misiones,7.481285415271867,27.466886980672715
2019,4,Neuquén,11.981045904355557,40.250075185670376
2019,4,Río Negro,12.278734675670686,39.92017104951848
2019,4,Salta,7.841055837103944,32.375365370071336
2019,4,San Juan,10.37211261401093,40.71804207119742
2019,4,San Luis,7.489343825363578,26.169143205328826
2019,4,Santa Cruz,8.437147978180889,28.355495048581712
2019,4,Santa Fe,18.25282844149536,58.04783924827394
2019,4,Santiago del Estero,7.03409952111978,28.343008199811887
2019,4,Tierra del Fuego,14.20448895310407,47.91152852041118
2019,4,Tucumán,11.13454191102634,44.9497469356425
2020,1,Buenos Aires,18.65269924685116,56.574974813988845
2020,1,Capital Federal,47.3645794631742,114.02182855546957
2020,1,Catamarca,7.180258453575644,28.227467281648305
2020,1,Chaco,7.000114945783905,26.191032701003813
2020,1,Chubut,12.783557406769638,41.70460387197982
2020,1,Córdoba,15.317881904420366,50.03120005159338
2020,1,Corrientes,7.842953028541874,29.78472517203296
2020,1,Entre Ríos,13.521807066643218,45.224810892586994
2020,1,Formosa,5.726565684347962,22.499690777353184
2020,1,Jujuy,6.24750184554212,24.43103711623644
2020,1,La Pampa,19.789550844090805,60.063347033049155
2020,1,La Rioja,6.911152173469179,25.962358941908516
2020,1,Mendoza,10.623613283839656,38.069163119747365
2020,1,Misiones,7.228106473560657,26.537337852050953
2020,1,Neuquén,11.719058385825878,39.36987470658171
2020,1,Río Negro,11.856098717537114,38.54602944451966
2020,1,Salta,7.579069962543859,31.293590266053446
2020,1,San Juan,10.084566894944613,39.58929048721323
2020,1,San Luis,7.17752593245216,25.079551337359796
2020,1,Santa Cruz,8.095268293624425,27.206345676266725
2020,1,Santa Fe,17.70646576603854,56.3102603264133
2020,1,Santiago del Estero,6.896258171979265,27.78755868544601
2020,1,Tierra del Fuego,13.690586922146778,46.17828150123534
2020,1,Tucumán,10.80724985752184,43.628432237743674
2020,2,Buenos Aires,14.190172118945682,42.94053820586613
2020,2,Capital Federal,30.885152722702657,74.43942690849109
2020,2,Catamarca,8.2023524764114,32.24536392039104
2020,2,Chaco,6.957767332725686,26.032362131062825
2020,2,Chubut,12.414845204719327,40.50104167995964
2020,2,Córdoba,14.831151521022953,48.44108458612529
2020,2,Corrientes,7.785880039893249,29.567884383379855
2020,2,Entre Ríos,13.24042189236358,44.28341515208954
2020,2,Formosa,5.813528578207908,22.841277421234267
2020,2,Jujuy,7.221966869996287,28.241462557791593
2020,2,La Pampa,19.711149205143812,59.8250423741779
2020,2,La Rioja,7.506194321066798,28.197238189784173
2020,2,Mendoza,10.251015517121735,36.73372677529683
2020,2,Misiones,7.007117502676305,25.725760067948922
2020,2,Neuquén,11.46690103475723,38.522342440874866
2020,2,Río Negro,11.800662547836543,38.36533570710194
2020,2,Salta,7.383445087647663,30.48552101659854
2020,2,San Juan,9.887613673925912,38.81576934242769
2020,2,San Luis,6.9645392584890535,24.33510329312715
2020,2,Santa Cruz,7.71597834188259,25.93035761961652
2020,2,Santa Fe,17.32629381437027,55.101004319145396
2020,2,Santiago del Estero,6.8433183730801375,27.574043895746204
2020,2,Tierra del Fuego,13.193473462831786,44.49944308419868
2020,2,Tucumán,10.799078787964705,43.59501415030455
2020,3,Buenos Aires,18.403347564353954,55.559811181842065
2020,3,Capital Federal,46.58379630851473,112.4079350350575
2020,3,Catamarca,8.075379179386102,31.74682995346353
2020,3,Chaco,6.841487552341831,25.597971981930446
2020,3,Chubut,11.753011155291192,38.343499350309685
2020,3,Córdoba,14.585065459845522,47.63819337649377
2020,3,Corrientes,7.6933288666664295,29.21715152171616
2020,3,Entre Ríos,13.061765321731672,43.68669703724544
2020,3,Formosa,5.753163794540237,22.60469860058114
2020,3,Jujuy,5.999326660364898,23.460927893941495
2020,3,La Pampa,19.65218069664161,59.646949542123416
2020,3,La Rioja,7.455677715120289,28.008204595661834
2020,3,Mendoza,9.850316029361604,35.29874997883245
2020,3,Misiones,7.03431607254643,25.826362226487493
2020,3,Neuquén,11.192461821628738,37.60180165679598
2020,3,Río Negro,11.377578805740646,36.99098145345335
2020,3,Salta,7.227415683419871,29.842190600777634
2020,3,San Juan,9.563522238582284,37.54425204129034
2020,3,San Luis,6.760530218898103,23.622838924062776
2020,3,Santa Cruz,7.428759722010414,24.96681952832151
2020,3,Santa Fe,17.633282971382204,56.07809008814735
2020,3,Santiago del Estero,6.769405318068794,27.276710471058784
2020,3,Tierra del Fuego,12.3880948415957,41.78557545042303
2020,3,Tucumán,10.716797369120506,43.26393917266619
2020,4,Buenos Aires,18.354416256215956,55.281634323698505
2020,4,Capital Federal,46.27538410289326,111.79331510399197
2020,4,Catamarca,8.041149578574204,31.61236304294223
2020,4,Chaco,6.706774079123943,25.094063188095404
2020,4,Chubut,11.716051145708148,38.223463803791056
2020,4,Córdoba,14.170364161903287,46.283927071275
2020,4,Corrientes,7.585482148747251,28.80766721240462
2020,4,Entre Ríos,12.865819909573817,43.031507305983546
2020,4,Formosa,5.6088233937852845,22.037662653215996
2020,4,Jujuy,5.899900820298779,23.072230058276087
2020,4,La Pampa,19.637216958049734,59.60182613184569
2020,4,La Rioja,7.406808319200936,27.82484420272457
2020,4,Mendoza,9.825875251790931,35.211345153176495
2020,4,Misiones,6.768892235371372,24.852024042061537
2020,4,Neuquén,11.166953033364841,37.51641155366578
2020,4,Río Negro,11.245249779121382,36.56102596244342
2020,4,Salta,7.097023385044775,29.30403191893739
2020,4,San Juan,9.537458071225391,37.44214586826512
2020,4,San Luis,6.73869007427414,23.54668604931599
2020,4,Santa Cruz,7.372412523817773,24.778181707914666
2020,4,Santa Fe,16.697616679858477,53.102605224601085
2020,4,Santiago del Estero,6.752296043263227,27.207914547933775
2020,4,Tierra del Fuego,12.312723661455747,41.53255717169124
2020,4,Tucumán,10.648950419837936,42.99034839088942
2021,1,Buenos Aires,18.32380972745036,55.577429309692675
2021,1,Capital Federal,45.39450237280909,109.27921720359808
2021,1,Catamarca,6.420865852065651,25.242097054149802
2021,1,Chaco,6.316480029499985,23.63320263869545
2021,1,Chubut,11.869935604608397,38.724037967237095
2021,1,Córdoba,13.975020748620468,45.64515271511727
2021,1,Corrientes,7.055639068609243,26.79478887694615
2021,1,Entre Ríos,12.190943999334964,40.77362842516211
2021,1,Formosa,5.180208689358944,20.353052788916926
2021,1,Jujuy,5.592386152698222,21.86918820398384
2021,1,La Pampa,19.906777906475746,60.41914337148874
2021,1,La Rioja,6.190132946650223,23.25378597160817
2021,1,Mendoza,9.897156034795715,35.46594152512799
2021,1,Misiones,6.53133599447246,23.979208184684524
2021,1,Neuquén,11.252842088909173,37.80363306911558
2021,1,Río Negro,11.104997336358094,36.10408149481837
2021,1,Salta,6.782975864610006,28.00655865965781
2021,1,San Juan,9.613751658772642,37.74099681780817
2021,1,San Luis,6.801601678324993,23.766005176876618
2021,1,Santa Cruz,7.42525800910442,24.95459431409615
2021,1,Santa Fe,16.162946498432127,51.40154658725147
2021,1,Santiago del Estero,6.375207363009629,25.688053479684925
2021,1,Tierra del Fuego,12.541275230211143,42.301658888583866
2021,1,Tucumán,9.66749685057635,39.02729527072177
2021,2,Buenos Aires,13.65115467426596,41.309430493931096
2021,2,Capital Federal,27.66570905052929,66.67992045332008
2021,2,Catamarca,6.444619487060899,25.335304875808106
2021,2,Chaco,6.297385976617448,23.561557089055572
2021,2,Chubut,11.822421817746493,38.5683744664491
2021,2,Córdoba,13.313881287337576,43.485419773060656
2021,2,Corrientes,7.188463458123249,27.29911780490949
2021,2,Entre Ríos,12.168938907634686,40.69977361657957
2021,2,Formosa,5.309377475077674,20.86047435922047
2021,2,Jujuy,4.774350864345644,18.67007334710285
2021,2,La Pampa,19.908257905287314,60.423284324237656
2021,2,La Rioja,5.688345518465946,21.36843607150045
2021,2,Mendoza,9.85808405937318,35.32568707559621
2021,2,Misiones,6.446859180737271,23.66884134769479
2021,2,Neuquén,11.20157866808172,37.631008414766406
2021,2,Río Negro,11.25795713524385,36.60093686425924
2021,2,Salta,6.762746562860837,27.922717650725726
2021,2,San Juan,9.58807054765913,37.63985397187252
2021,2,San Luis,6.780412011792021,23.691736172755213
2021,2,Santa Cruz,7.39017493094831,24.835460953906654
2021,2,Santa Fe,15.709664266556278,49.959806054189464
2021,2,Santiago del Estero,6.020692004636417,24.259404073858754
2021,2,Tierra del Fuego,12.464322444215902,42.040135128330114
2021,2,Tucumán,8.267104236476712,33.373636145048465
2021,3,Buenos Aires,18.011719019692226,54.37748237352403
2021,3,Capital Federal,44.45402704264838,107.26874535434425
2021,3,Catamarca,5.932985601999856,23.324413732031797
2021,3,Chaco,6.1144209824847575,22.87759435326269
2021,3,Chubut,11.774922183627307,38.414982776103265
2021,3,Córdoba,12.849717740907817,41.970146809420804
2021,3,Corrientes,6.95419052947822,26.410106981256433
2021,3,Entre Ríos,11.81676780353488,39.52264814723101
2021,3,Formosa,5.028242714072842,19.756418398872995
2021,3,Jujuy,4.5528118404185065,17.80419642897807
2021,3,La Pampa,19.984286279470194,60.654933604931216
2021,3,La Rioja,5.48044545417664,20.587992590485474
2021,3,Mendoza,9.832490334437491,35.23487134321816
2021,3,Misiones,6.2416457406236425,22.916087665706037
2021,3,Neuquén,11.15066615774399,37.46138641227208
2021,3,Río Negro,11.175358790363916,36.333520233800584
2021,3,Salta,6.572976517677424,27.139993968376547
2021,3,San Juan,9.562660683162195,37.54086976716241
2021,3,San Luis,6.759460122699386,23.61909976318086
2021,3,Santa Cruz,7.3421603015184855,24.67577335324155
2021,3,Santa Fe,15.245051205720106,48.482937425791114
2021,3,Santiago del Estero,5.8548850574712645,23.591733254278317
2021,3,Tierra del Fuego,12.3880948415957,41.78557545042303
2021,3,Tucumán,7.836575751739881,31.636423174537363
2021,4,Buenos Aires,18.81385509696746,56.66541736718956
2021,4,Capital Federal,46.76986013015638,112.98788356406749
2021,4,Catamarca,7.108061971665597,27.944093488665985
2021,4,Chaco,7.5101531160608594,28.099985868514597
2021,4,Chubut,10.944334546528122,35.70574848071071
2021,4,Córdoba,15.457723733602279,50.488763012698044
2021,4,Corrientes,8.710374618315102,33.079713112400896
2021,4,Entre Ríos,14.917862540125718,49.89484660883477
2021,4,Formosa,5.996443993239428,23.56066514562337
2021,4,Jujuy,5.715532735069455,22.351237789528184
2021,4,La Pampa,19.94945489051633,60.54951393314649
2021,4,La Rioja,6.764632743890152,25.412410322466506
2021,4,Mendoza,10.232837668915316,36.66970827773641
2021,4,Misiones,7.783856183767354,28.57846960660357
2021,4,Neuquén,10.87781070631918,36.54501116301142
2021,4,Río Negro,11.481332519930884,37.32858803403445
2021,4,Salta,8.401832715866032,34.69166729845252
2021,4,San Juan,8.491638489785496,33.33646812606882
2021,4,San Luis,6.462495500873258,22.58159241290983
2021,4,Santa Cruz,7.508107576894181,25.234243637592368
2021,4,Santa Fe,18.48533659013116,58.788002516172774
2021,4,Santiago del Estero,6.7839303339219255,27.33538275600873
2021,4,Tierra del Fuego,10.808383808954517,36.45820622810204
2021,4,Tucumán,9.73044835246396,39.28230935254442
2022,1,Buenos Aires,17.513443305133116,53.11952982147571
2022,1,Capital Federal,46.587934069869036,112.1521924500189
2022,1,Catamarca,7.27990812249949,28.619216100630464
2022,1,Chaco,7.065063255392729,26.434037753637146
2022,1,Chubut,9.928566268343682,32.39058659983813
2022,1,Córdoba,15.441041628408836,50.43346381283755
2022,1,Corrientes,7.95787712005037,30.221165689879907
2022,1,Entre Ríos,13.722922638855545,45.89745868855314
2022,1,Formosa,5.604281069739117,22.01923422325359
2022,1,Jujuy,6.338313139464933,24.78615731423763
2022,1,La Pampa,19.198510160382583,58.269477026807046
2022,1,La Rioja,7.015547346297262,26.354528710528257
2022,1,Mendoza,8.249692839936367,29.56234324616156
2022,1,Misiones,7.267998187330889,26.68379666386982
2022,1,Neuquén,9.958102699431482,33.453989449021904
2022,1,Río Negro,9.587091542106872,31.169132585134456
2022,1,Salta,7.688221485248035,31.74427129226129
2022,1,San Juan,8.06315380815162,31.653767750206125
2022,1,San Luis,5.940315626572804,20.756518627562095
2022,1,Santa Cruz,6.552756566874916,22.02231647235592
2022,1,Santa Fe,17.821076678279717,56.67474697156452
2022,1,Santiago del Estero,6.92358283227678,27.89765978413488
2022,1,Tierra del Fuego,10.444118863789113,35.22796090971308
2022,1,Tucumán,10.956951483692787,44.232771670937545
2022,2,Buenos Aires,12.98357515874278,39.28928419468335
2022,2,Capital Federal,32.83802404589871,79.14623938340183
2022,2,Catamarca,6.534830827470239,25.68994673125275
2022,2,Chaco,5.658461586130943,21.17103290045821
2022,2,Chubut,9.498000769562688,30.98539842430874
2022,2,Córdoba,12.928294935573353,42.22602861556422
2022,2,Corrientes,8.10575144908121,30.782637345916914
2022,2,Entre Ríos,11.676470713681503,39.05268308885202
2022,2,Formosa,5.802780850525564,22.799049740345158
2022,2,Jujuy,4.866114588289491,19.028914895475253
2022,2,La Pampa,19.024624537822167,57.74138064111578
2022,2,La Rioja,6.69414481552157,25.146750505833438
2022,2,Mendoza,6.930361194533681,24.834417053501838
2022,2,Misiones,6.0777711559017975,22.313780587368733
2022,2,Neuquén,10.681403251934181,35.88351138401487
2022,2,Río Negro,8.783000656541253,28.55456355420302
2022,2,Salta,6.315849893429909,26.07752510897081
2022,2,San Juan,7.7616067250569065,30.46971153018594
2022,2,San Luis,4.996572190039368,17.458742903626586
2022,2,Santa Cruz,6.342201489584312,21.3136358649318
2022,2,Santa Fe,14.45198940241021,45.96015391485445
2022,2,Santiago del Estero,6.427244312209501,25.897540802822817
2022,2,Tierra del Fuego,11.048295799565388,37.264107249329875
2022,2,Tucumán,9.970046966718336,40.248279240048404
2022,3,Buenos Aires,17.739892500269217,53.55683656218194
2022,3,Capital Federal,50.97151617469915,122.9956193535195
2022,3,Catamarca,6.1643392669363095,24.233937024584673
2022,3,Chaco,5.433210055767578,20.328789275056803
2022,3,Chubut,9.456678509948107,30.851850773496437
2022,3,Córdoba,12.927360243483484,42.22374516056416
2022,3,Corrientes,8.016525889180048,30.44456510844869
2022,3,Entre Ríos,11.325273113339083,37.87878308786766
2022,3,Formosa,5.817520548781594,22.857562083091082
2022,3,Jujuy,4.662584849054896,18.233474043970066
2022,3,La Pampa,18.447467604961712,55.99048708121972
2022,3,La Rioja,6.45229450300002,24.238867539162815
2022,3,Mendoza,6.944863331163062,24.88701820664064
2022,3,Misiones,6.062550996100752,22.258544601503917
2022,3,Neuquén,10.981743514178008,36.893879831509366
2022,3,Río Negro,8.690879479959795,28.255938029203868
2022,3,Salta,6.149671813162931,25.392157642411966
2022,3,San Juan,7.741931730107063,30.39309460576853
2022,3,San Luis,4.9811324754339745,17.40521620592262
2022,3,Santa Cruz,6.2083298305452415,20.86515868756222
2022,3,Santa Fe,14.055260142218742,44.69911506251442
2022,3,Santiago del Estero,6.390204928175443,25.74875657265278
2022,3,Tierra del Fuego,10.980728139501318,37.03846717681517
2022,3,Tucumán,9.644720876417995,38.93594354382534
2022,4,Buenos Aires,17.763738794105226,53.50257390533205
2022,4,Capital Federal,50.80126734907988,122.72706534018253
2022,4,Catamarca,6.016207477593805,23.651659885809703
2022,4,Chaco,5.348296317660513,20.011183343984328
2022,4,Chubut,8.704445533425885,28.398139837487445
2022,4,Córdoba,13.110912114908754,42.82349368238305
2022,4,Corrientes,7.91394233293118,30.055072649916383
2022,4,Entre Ríos,11.511792878658362,38.50277734684737
2022,4,Formosa,5.7947576102924225,22.768217932174238
2022,4,Jujuy,4.604532782770987,18.006546704896376
2022,4,La Pampa,18.447988517767712,55.992343847255476
2022,4,La Rioja,6.466605099168015,24.29282244802384
2022,4,Mendoza,8.152267040967597,29.213915422756347
2022,4,Misiones,6.025720559241422,22.123465258683687
2022,4,Neuquén,10.29022850613441,34.5709744156662
2022,4,Río Negro,8.962687644949618,29.13986457541157
2022,4,Salta,6.032046271043781,24.906678035704267
2022,4,San Juan,6.72931890388984,26.4179551943388
2022,4,San Luis,5.42245877214773,18.947441255765913
2022,4,Santa Cruz,6.221218615120081,20.909096553143016
2022,4,Santa Fe,13.825796254686265,43.96949663564775
2022,4,Santiago del Estero,6.606865477661677,26.621912042090983
2022,4,Tierra del Fuego,8.465922532924624,28.55675326414575
2022,4,Tucumán,9.561404043186945,38.5998689745915
2023,1,Buenos Aires,16.802803348661904,50.96410785776394
2023,1,Capital Federal,47.20019636726366,113.62610539289189
2023,1,Catamarca,6.790965601377776,26.697055623148362
2023,1,Chaco,6.656343331797999,24.904806167108884
2023,1,Chubut,9.326524588312502,30.426508137075835
2023,1,Córdoba,15.26906597116724,49.87175766017583
2023,1,Corrientes,7.448195237965061,28.285576540253476
2023,1,Entre Ríos,12.859193477793992,43.008644510174335
2023,1,Formosa,5.448266118502137,21.406251092881
2023,1,Jujuy,5.916488639811635,23.136600377344347
2023,1,La Pampa,18.99836340209596,57.662010778825035
2023,1,La Rioja,6.544378891236984,24.584542426716045
2023,1,Mendoza,8.679621388799326,31.1029697372818
2023,1,Misiones,6.797166760325202,24.95518174992014
2023,1,Neuquén,9.452728423111438,31.75619758865245
2023,1,Río Negro,9.067110060362909,29.478591540949278
2023,1,Salta,7.172243115681234,29.613823128678135
2023,1,San Juan,7.686780087048518,30.176226004315822
2023,1,San Luis,5.727677281108013,20.013522454289678
2023,1,Santa Cruz,6.147679821451372,20.660946155563632
2023,1,Santa Fe,16.980457836332974,54.00140343419413
2023,1,Santiago del Estero,6.610946460563241,26.637932942484245
2023,1,Tierra del Fuego,9.768289865697,32.94839306517383
2023,1,Tucumán,10.228097779459526,41.290418633338675
2023,2,Buenos Aires,13.35176329903575,40.403449461508295
2023,2,Capital Federal,36.05871861530983,86.90876075238387
2023,2,Catamarca,5.0829003437419455,19.982068781656086
2023,2,Chaco,4.828976350736615,18.067528716207793
2023,2,Chubut,9.75945539757239,31.83834379832065
2023,2,Córdoba,12.53060064291292,40.92709084644523
2023,2,Corrientes,7.471144805886485,28.372636709025045
2023,2,Entre Ríos,10.817219689754445,36.17886455635
2023,2,Formosa,5.5397095467931265,21.765446043505552
2023,2,Jujuy,3.9392192454211883,15.404295648139929
2023,2,La Pampa,18.817738666249742,57.11346413028093
2023,2,La Rioja,5.9574868609165055,22.379473384842765
2023,2,Mendoza,8.471962273752641,30.358626118052367
2023,2,Misiones,5.7704226458635715,21.185388773835555
2023,2,Neuquén,11.212885018934369,37.668991398833526
2023,2,Río Negro,8.720913105538997,28.352709655934394
2023,2,Salta,5.4417944034526355,22.46863566873461
2023,2,San Juan,8.15492708725699,32.01376785765942
2023,2,San Luis,5.1784065017595475,18.09409817893094
2023,2,Santa Cruz,6.3798829409443645,21.44026834964066
2023,2,Santa Fe,13.57794520482052,43.180522354724175
2023,2,Santiago del Estero,6.278191142725317,25.29695517840927
2023,2,Tierra del Fuego,11.46766197899213,38.678561258382985
2023,2,Tucumán,8.963860915647905,36.18638692538721
2023,3,Buenos Aires,18.16935837265827,54.85339647855271
2023,3,Capital Federal,54.62024629263976,131.80010182509852
2023,3,Catamarca,5.066221185972165,19.916892931573724
2023,3,Chaco,4.692944503569025,17.55902659999639
2023,3,Chubut,9.719313282594266,31.708681087129985
2023,3,Córdoba,12.440585416825956,40.63382611721375
2023,3,Corrientes,7.318413953107125,27.79332757930361
2023,3,Entre Ríos,10.725238877766195,35.87189403299888
2023,3,Formosa,5.653328316806848,22.212436018738792
2023,3,Jujuy,3.7367759980317765,14.61301196096272
2023,3,La Pampa,18.77538852452622,56.98577014140517
2023,3,La Rioja,5.925189662866647,22.258730954680505
2023,3,Mendoza,8.534134934663404,30.58219598704862
2023,3,Misiones,5.577262010941953,20.476815008182044
2023,3,Neuquén,11.225952652158364,37.714316274845665
2023,3,Río Negro,8.879527592687511,28.86927404368341
2023,3,Salta,5.437849297534066,22.453023639914665
2023,3,San Juan,8.133315273781108,31.929578972295186
2023,3,San Luis,5.162404907975461,18.038623547750685
2023,3,Santa Cruz,6.340548136206182,21.309522309392193
2023,3,Santa Fe,13.13709204377515,41.77911919877501
2023,3,Santiago del Estero,6.162956341431556,24.83307881156126
2023,3,Tierra del Fuego,11.397529616464631,38.44435644277552
2023,3,Tucumán,8.875468871193155,35.830456818995124
2023,4,Buenos Aires,17.874206003209412,53.83528989984857
2023,4,Capital Federal,53.68433486160021,129.69205722823725
2023,4,Catamarca,4.8845541923118185,19.202764346247356
2023,4,Chaco,4.462243067727273,16.695926861579245
2023,4,Chubut,8.686889922977558,28.34086488774716
2023,4,Córdoba,12.748860808272156,41.64094423757207
2023,4,Corrientes,7.101227651614334,26.968595927816686
2023,4,Entre Ríos,10.453533585277032,34.963283335985516
2023,4,Formosa,5.894559324378627,23.160349463661127
2023,4,Jujuy,3.588433297337413,14.032974639182877
2023,4,La Pampa,18.780177893829446,57.00058719849888
2023,4,La Rioja,5.8157576358616,21.847811252136275
2023,4,Mendoza,9.440875086540677,33.83168447611002
2023,4,Misiones,5.3789970339431195,19.749016376886942
2023,4,Neuquén,10.128996993221309,34.02930223563685
2023,4,Río Negro,9.250676247742925,30.07618515436064
2023,4,Salta,5.227665269050035,21.58534100769293
2023,4,San Juan,6.81735335508733,26.76356077798102
2023,4,San Luis,5.464603990373296,19.09470729873557
2023,4,Santa Cruz,6.036288026259487,20.287557305395314
2023,4,Santa Fe,12.737616577140265,40.50881257887081
2023,4,Santiago del Estero,6.018029179109761,24.24923649719891
2023,4,Tierra del Fuego,8.419697349440234,28.40082918685591
2023,4,Tucumán,8.622301935091736,34.80866653585894
