Año,Trimestre,Provincia,Accesos TV por suscripción por cada 100 hab,Accesos TV por suscripción por cada 100 hogares
2023,4,Buenos Aires,16.74,48.96
2023,4,Capital Federal,23.29,57.01
2023,4,Catamarca,12.23,48.07
2023,4,Chaco,9.42,35.23
2023,4,Chubut,11.97,39.05
2023,4,Córdoba,28.96,94.59
2023,4,Corrientes,10.98,41.71
2023,4,Entre Ríos,18.08,60.48
2023,4,Formosa,12.67,49.79
2023,4,Jujuy,15.11,59.1
2023,4,La Pampa,22.13,67.17
2023,4,La Rioja,5.86,22.03
2023,4,Mendoza,7.02,25.15
2023,4,Misiones,10.21,37.5
2023,4,Neuquén,9.67,32.49
2023,4,Río Negro,12.61,41.02
2023,4,Salta,14.7,60.71
2023,4,San Juan,5.14,20.18
2023,4,San Luis,10.0,34.96
2023,4,Santa Cruz,10.62,35.7
2023,4,Santa Fe,19.42,61.77
2023,4,Santiago Del Estero,15.67,63.15
2023,4,Tierra Del Fuego,24.28,81.92
2023,4,Tucumán,7.49,30.25
2023,3,Buenos Aires,16.71,49.01
2023,3,Capital Federal,23.68,57.9
2023,3,Catamarca,13.22,51.98
2023,3,Chaco,9.75,36.47
2023,3,Chubut,12.23,39.89
2023,3,Córdoba,29.6,96.67
2023,3,Corrientes,12.2,46.35
2023,3,Entre Ríos,16.35,54.69
2023,3,Formosa,12.21,47.98
2023,3,Jujuy,15.48,60.54
2023,3,La Pampa,22.36,67.87
2023,3,La Rioja,8.59,32.28
2023,3,Mendoza,7.0,25.1
2023,3,Misiones,10.85,39.85
2023,3,Neuquén,10.91,36.65
2023,3,Río Negro,13.42,43.64
2023,3,Salta,14.81,61.17
2023,3,San Juan,5.52,21.68
2023,3,San Luis,9.23,32.26
2023,3,Santa Cruz,10.49,35.25
2023,3,Santa Fe,20.85,66.32
2023,3,Santiago Del Estero,14.83,59.77
2023,3,Tierra Del Fuego,24.47,82.55
2023,3,Tucumán,7.4,29.86
2023,2,Buenos Aires,17.36,51.04
2023,2,Capital Federal,26.59,64.95
2023,2,Catamarca,12.78,50.23
2023,2,Chaco,10.05,37.61
2023,2,Chubut,11.86,38.7
2023,2,Córdoba,31.36,102.43
2023,2,Corrientes,12.8,48.63
2023,2,Entre Ríos,16.91,56.57
2023,2,Formosa,12.34,48.48
2023,2,Jujuy,15.37,60.11
2023,2,La Pampa,22.44,68.11
2023,2,La Rioja,6.4,24.06
2023,2,Mendoza,6.97,24.99
2023,2,Misiones,11.24,41.28
2023,2,Neuquén,12.43,41.76
2023,2,Río Negro,13.3,43.24
2023,2,Salta,15.33,63.3
2023,2,San Juan,5.23,20.52
2023,2,San Luis,9.21,32.2
2023,2,Santa Cruz,10.02,33.68
2023,2,Santa Fe,21.62,68.75
2023,2,Santiago Del Estero,15.63,62.96
2023,2,Tierra Del Fuego,24.45,82.48
2023,2,Tucumán,8.3,33.51
2023,1,Buenos Aires,16.83,49.59
2023,1,Capital Federal,24.48,59.73
2023,1,Catamarca,12.69,49.87
2023,1,Chaco,9.64,36.08
2023,1,Chubut,11.97,39.06
2023,1,Córdoba,29.93,97.77
2023,1,Corrientes,12.2,46.33
2023,1,Entre Ríos,16.27,54.42
2023,1,Formosa,12.1,47.53
2023,1,Jujuy,15.26,59.67
2023,1,La Pampa,22.5,68.3
2023,1,La Rioja,6.2,23.28
2023,1,Mendoza,6.89,24.68
2023,1,Misiones,11.03,40.49
2023,1,Neuquén,11.32,38.03
2023,1,Río Negro,13.83,44.98
2023,1,Salta,14.67,60.57
2023,1,San Juan,5.29,20.76
2023,1,San Luis,9.21,32.18
2023,1,Santa Cruz,9.28,31.17
2023,1,Santa Fe,21.01,66.83
2023,1,Santiago Del Estero,15.47,62.32
2023,1,Tierra Del Fuego,24.2,81.64
2023,1,Tucumán,8.05,32.5
2022,4,Buenos Aires,16.53,48.83
2022,4,Capital Federal,23.97,58.44
2022,4,Catamarca,12.82,50.39
2022,4,Chaco,10.06,37.65
2022,4,Chubut,12.52,40.84
2022,4,Córdoba,29.71,97.05
2022,4,Corrientes,12.09,45.93
2022,4,Entre Ríos,16.43,54.96
2022,4,Formosa,11.06,43.45
2022,4,Jujuy,14.98,58.57
2022,4,La Pampa,23.13,70.19
2022,4,La Rioja,5.96,22.4
2022,4,Mendoza,6.67,23.91
2022,4,Misiones,11.17,41.01
2022,4,Neuquén,11.09,37.24
2022,4,Río Negro,13.82,44.93
2022,4,Salta,14.79,61.08
2022,4,San Juan,4.95,19.44
2022,4,San Luis,9.3,32.49
2022,4,Santa Cruz,9.52,31.99
2022,4,Santa Fe,21.25,67.59
2022,4,Santiago Del Estero,15.33,61.78
2022,4,Tierra Del Fuego,23.98,80.91
2022,4,Tucumán,7.92,31.98
2022,3,Buenos Aires,16.75,49.6
2022,3,Capital Federal,24.12,58.73
2022,3,Catamarca,12.36,48.58
2022,3,Chaco,9.9,37.06
2022,3,Chubut,12.48,40.73
2022,3,Córdoba,29.7,97.02
2022,3,Corrientes,11.89,45.17
2022,3,Entre Ríos,16.36,54.71
2022,3,Formosa,11.05,43.42
2022,3,Jujuy,14.77,57.76
2022,3,La Pampa,20.33,61.71
2022,3,La Rioja,5.99,22.49
2022,3,Mendoza,6.55,23.47
2022,3,Misiones,11.07,40.65
2022,3,Neuquén,10.82,36.34
2022,3,Río Negro,13.19,42.88
2022,3,Salta,14.67,60.58
2022,3,San Juan,4.92,19.32
2022,3,San Luis,9.08,31.72
2022,3,Santa Cruz,10.92,36.71
2022,3,Santa Fe,21.11,67.15
2022,3,Santiago Del Estero,15.11,60.9
2022,3,Tierra Del Fuego,24.01,81.0
2022,3,Tucumán,7.56,30.52
2022,2,Buenos Aires,16.76,49.77
2022,2,Capital Federal,24.18,58.82
2022,2,Catamarca,12.35,48.55
2022,2,Chaco,9.95,37.24
2022,2,Chubut,12.39,40.43
2022,2,Córdoba,29.77,97.25
2022,2,Corrientes,11.63,44.16
2022,2,Entre Ríos,16.32,54.59
2022,2,Formosa,10.96,43.07
2022,2,Jujuy,14.28,55.86
2022,2,La Pampa,21.41,64.98
2022,2,La Rioja,5.97,22.41
2022,2,Mendoza,6.4,22.95
2022,2,Misiones,11.07,40.64
2022,2,Neuquén,11.14,37.43
2022,2,Río Negro,14.05,45.67
2022,2,Salta,14.65,60.5
2022,2,San Juan,4.69,18.4
2022,2,San Luis,9.06,31.65
2022,2,Santa Cruz,10.97,36.86
2022,2,Santa Fe,20.91,66.49
2022,2,Santiago Del Estero,14.89,60.0
2022,2,Tierra Del Fuego,23.39,78.89
2022,2,Tucumán,7.65,30.89
2022,1,Buenos Aires,16.698158735289297,49.69539842700735
2022,1,Capital Federal,24.191745248567674,58.7770022477227
2022,1,Catamarca,11.184796101710605,43.97155840883854
2022,1,Chaco,9.783684191174968,36.607347577659496
2022,1,Chubut,12.222844239248715,39.877895492907165
2022,1,Córdoba,29.40554424317563,96.04720661179618
2022,1,Corrientes,11.541767890562927,43.83347869528459
2022,1,Entre Ríos,16.288319027563045,54.4793152639087
2022,1,Formosa,10.97032512700911,43.10440951239675
2022,1,Jujuy,14.008591851377028,54.783358417973226
2022,1,La Pampa,21.647685677013094,65.7043571237637
2022,1,La Rioja,5.90772399280656,22.193462781961912
2022,1,Mendoza,5.962993767719942,21.369053206128367
2022,1,Misiones,10.883199803112044,39.95859390861492
2022,1,Neuquén,11.211082463582567,37.66557481032919
2022,1,Río Negro,14.130406301259308,45.94243458184776
2022,1,Salta,14.858477098971438,61.35289990313298
2022,1,San Juan,4.336564938405783,17.02470196647802
2022,1,San Luis,8.9618095179348,31.315294925940147
2022,1,Santa Cruz,10.977563260890117,36.896177371380155
2022,1,Santa Fe,20.784484665166953,66.10069997637736
2022,1,Santiago Del Estero,14.631165008725302,58.95610048525206
2022,1,Tierra Del Fuego,23.680450170032234,79.87893733886335
2022,1,Tucumán,6.917615733036192,27.927351076483742
2021,4,Buenos Aires,16.89,50.38
2021,4,Capital Federal,24.22,58.79
2021,4,Catamarca,10.68,42.01
2021,4,Chaco,9.61,35.97
2021,4,Chubut,12.1,39.48
2021,4,Córdoba,29.33,95.8
2021,4,Corrientes,10.27,39.01
2021,4,Entre Ríos,16.34,54.64
2021,4,Formosa,11.01,43.27
2021,4,Jujuy,13.84,54.13
2021,4,La Pampa,22.72,68.95
2021,4,La Rioja,6.39,24.01
2021,4,Mendoza,5.73,20.53
2021,4,Misiones,10.9,40.03
2021,4,Neuquén,11.35,38.12
2021,4,Río Negro,14.62,47.53
2021,4,Salta,14.24,58.79
2021,4,San Juan,4.22,16.59
2021,4,San Luis,8.98,31.37
2021,4,Santa Cruz,11.02,37.05
2021,4,Santa Fe,20.89,66.45
2021,4,Santiago Del Estero,19.23,77.49
2021,4,Tierra Del Fuego,23.65,79.76
2021,4,Tucumán,6.39,25.79
2021,3,Buenos Aires,16.781425842472316,50.1850133691485
2021,3,Capital Federal,24.212025637095326,58.694447331047144
2021,3,Catamarca,10.377718246212806,40.79869570106068
2021,3,Chaco,9.485437897422509,35.49142109434032
2021,3,Chubut,11.844195122260512,38.64206405436295
2021,3,Córdoba,29.05643227887345,94.90651469545374
2021,3,Corrientes,10.222049057000513,38.82133462178558
2021,3,Entre Ríos,17.415477632059954,58.249114025619235
2021,3,Formosa,10.833824492468894,42.56785008973773
2021,3,Jujuy,13.820567447664118,54.04751407787419
2021,3,La Pampa,22.398461376912916,67.98289021219492
2021,3,La Rioja,5.187549280967222,19.488066803332643
2021,3,Mendoza,5.581765613220994,20.002776260128456
2021,3,Misiones,10.999350943715312,40.38485309293909
2021,3,Neuquén,11.561087383020844,38.84119101751027
2021,3,Río Negro,14.787610992765698,48.07885995928426
2021,3,Salta,16.834130858766713,69.51032364078017
2021,3,San Juan,4.300145285430868,16.881608339538346
2021,3,San Luis,8.990030039813904,31.413779316794177
2021,3,Santa Cruz,11.228167157451605,37.73760182935544
2021,3,Santa Fe,23.116072116765817,73.51569763347736
2021,3,Santiago Del Estero,19.26221807359635,77.61639976878801
2021,3,Tierra Del Fuego,23.794496976083316,80.26166528019361
2021,3,Tucumán,6.59964523544921,26.643509161159315
2021,2,Buenos Aires,16.578452447958696,49.69693786972224
2021,2,Capital Federal,24.08579307925433,58.32224958529348
2021,2,Catamarca,10.22605954214882,40.20168445959269
2021,2,Chaco,9.648786444516125,36.10168656596942
2021,2,Chubut,11.762730530993169,38.37474947818773
2021,2,Córdoba,28.272698288060162,92.34487192396769
2021,2,Corrientes,9.97399796552008,37.87850259900075
2021,2,Entre Ríos,15.934077729372635,53.29336444683779
2021,2,Formosa,9.944768600613171,39.07382939641004
2021,2,Jujuy,13.673415386670571,53.47069785665131
2021,2,La Pampa,22.073560073875736,66.99554584418858
2021,2,La Rioja,5.093139002867748,19.132879270984663
2021,2,Mendoza,5.409684103203375,19.38562704825177
2021,2,Misiones,11.012512452398278,40.43215480791678
2021,2,Neuquén,11.629433682515062,39.06959531096842
2021,2,Río Negro,14.684667411555473,47.7427980620005
2021,2,Salta,13.569525491453794,56.028755037577604
2021,2,San Juan,4.275608519269777,16.78503351930284
2021,2,San Luis,8.887228985033634,31.053654690537364
2021,2,Santa Cruz,11.324033892957505,38.05724041874467
2021,2,Santa Fe,18.95366711015736,60.277127596396774
2021,2,Santiago Del Estero,16.398947962208467,66.07795048418097
2021,2,Tierra Del Fuego,23.7721464740445,80.18182509794971
2021,2,Tucumán,6.663751420160973,26.901619909352956
2021,1,Buenos Aires,16.567484897849408,49.78182499021293
2021,1,Capital Federal,24.070163719026713,58.21683940694382
2021,1,Catamarca,10.234629864985509,40.23580112160789
2021,1,Chaco,9.759680618965723,36.51679844946886
2021,1,Chubut,11.685962431186429,38.125153143947486
2021,1,Córdoba,28.672090472010538,93.65000754944889
2021,1,Corrientes,10.0335626142819,38.10475243855186
2021,1,Entre Ríos,15.893832651881517,53.15902467107235
2021,1,Formosa,9.940336286385826,39.056617176955314
2021,1,Jujuy,13.761744382981188,53.81674775618748
2021,1,La Pampa,22.223332084738,67.45098699723775
2021,1,La Rioja,4.956643539862247,18.620343731072076
2021,1,Mendoza,5.299078499247387,18.98940869695853
2021,1,Misiones,10.871707600442686,39.9154393914873
2021,1,Neuquén,11.695487262192755,39.292021191202444
2021,1,Río Negro,14.682619162891877,47.73677991392173
2021,1,Salta,14.198286498937417,58.62539892470027
2021,1,San Juan,4.311760548700192,16.92706124220937
2021,1,San Luis,8.893966237151622,31.0777642936035
2021,1,Santa Cruz,11.901155924753253,39.99873424588178
2021,1,Santa Fe,19.32540494187625,61.45960087612558
2021,1,Santiago Del Estero,16.199054962058373,65.27297645590852
2021,1,Tierra Del Fuego,23.84569564600766,80.43399223100327
2021,1,Tucumán,6.470372280907817,26.121200517195327
2020,4,Buenos Aires,16.884697698317066,50.8549912240842
2020,4,Capital Federal,24.622819489921106,59.48445206544218
2020,4,Catamarca,10.097429230688048,39.696369636963695
2020,4,Chaco,9.758487339788774,36.51233154722865
2020,4,Chubut,11.750869249196535,38.33703253905105
2020,4,Córdoba,28.41545943612701,92.8119612949766
2020,4,Corrientes,9.944459608078828,37.76640285243511
2020,4,Entre Ríos,15.549421718097456,52.00723170796209
2020,4,Formosa,9.81284708269379,38.555713731072856
2020,4,Jujuy,14.167071306072689,55.40191805588522
2020,4,La Pampa,22.10980248231683,67.10632911392405
2020,4,La Rioja,5.988682287704435,22.49746019387978
2020,4,Mendoza,5.328061192325743,19.093270890969105
2020,4,Misiones,10.927054574499488,40.11869333016509
2020,4,Neuquén,11.906812731159343,40.00211371803002
2020,4,Río Negro,14.835458735616278,48.23366038519441
2020,4,Salta,14.236862195097249,58.78486722192741
2020,4,San Juan,4.301841297676457,16.888139527902577
2020,4,San Luis,8.962021352591767,31.315652697231645
2020,4,Santa Cruz,12.000909405854841,40.334391572895726
2020,4,Santa Fe,19.29936273415461,61.37682010386122
2020,4,Santiago Del Estero,9.397822385034978,37.86784458963411
2020,4,Tierra Del Fuego,24.22364147960436,81.71036925801856
2020,4,Tucumán,6.524679095130185,26.340431887308185
2020,3,Buenos Aires,16.803753974921023,50.730633725672675
2020,3,Capital Federal,24.10273397703254,58.16055744296651
2020,3,Catamarca,9.803619931254957,38.54098747932908
2020,3,Chaco,9.94055493115578,37.19340683196105
2020,3,Chubut,10.609932140256358,34.61425252557108
2020,3,Córdoba,29.041147386395497,94.85510834248869
2020,3,Corrientes,10.160301072356441,38.58605545066352
2020,3,Entre Ríos,16.940275335307803,56.65887568974241
2020,3,Formosa,9.92892704089294,39.01175494219785
2020,3,Jujuy,14.148678570966114,55.329599659715825
2020,3,La Pampa,22.07805595644736,67.00970775267217
2020,3,La Rioja,4.989553328735446,18.743808580355104
2020,3,Mendoza,5.266452522877339,18.87239438695634
2020,3,Misiones,10.917656779127825,40.08397257089726
2020,3,Neuquén,12.045989378743663,40.469206730647876
2020,3,Río Negro,15.013000811549633,48.81049507012914
2020,3,Salta,14.280729950838243,58.96546536990644
2020,3,San Juan,4.301580892312253,16.88705178883159
2020,3,San Luis,8.990036809815951,31.413264186148613
2020,3,Santa Cruz,12.139441406505306,40.798638123392614
2020,3,Santa Fe,19.490142796504745,61.9833664148876
2020,3,Santiago Del Estero,9.346529682601881,37.660975970789956
2020,3,Tierra Del Fuego,24.349948317445733,82.13178895173162
2020,3,Tucumán,6.484836813095236,26.179454442138198
2020,2,Buenos Aires,16.634427634655797,50.3370365165193
2020,2,Capital Federal,24.003095587649515,57.852300602678746
2020,2,Catamarca,9.68692263036058,38.08143939393939
2020,2,Chaco,9.771201290851126,36.55872194779235
2020,2,Chubut,10.371938997539388,33.836467365776684
2020,2,Córdoba,29.227626199207194,95.46246392433673
2020,2,Corrientes,9.956883505105854,37.812544503896
2020,2,Entre Ríos,15.781755112090883,52.7830639785933
2020,2,Formosa,9.803581142863758,38.51825865507676
2020,2,Jujuy,12.693299471031372,49.636967382915635
2020,2,La Pampa,22.580392988960796,68.5337084364302
2020,2,La Rioja,4.908904050348256,18.440441492665677
2020,2,Mendoza,5.162015083660106,18.49768269916894
2020,2,Misiones,11.282459867331465,41.42212847286966
2020,2,Neuquén,11.97478231505825,40.2285054467555
2020,2,Río Negro,14.94281039187803,48.580819293892304
2020,2,Salta,14.239029371437327,58.79149099160532
2020,2,San Juan,4.244467164282365,16.662475355087917
2020,2,San Luis,9.039958566446304,31.586950987070715
2020,2,Santa Cruz,11.979646192292517,40.25875961140015
2020,2,Santa Fe,19.03327058356156,60.52954340738795
2020,2,Santiago Del Estero,9.217793937261055,37.14167937672616
2020,2,Tierra Del Fuego,24.220293740394503,81.69151320276723
2020,2,Tucumán,5.739028120121419,23.16799244591965
2020,1,Buenos Aires,16.90202470329971,51.26505334374187
2020,1,Capital Federal,24.11948192191098,58.063376973189676
2020,1,Catamarca,9.496587669258606,37.33356110430962
2020,1,Chaco,9.542499121247811,35.70340036836545
2020,1,Chubut,10.952739890703281,35.731812665285204
2020,1,Córdoba,28.35919422457884,92.62667831003787
2020,1,Corrientes,9.851899376404297,37.41398351881743
2020,1,Entre Ríos,15.960197751950272,53.380211800302575
2020,1,Formosa,9.815289178146198,38.56429552571105
2020,1,Jujuy,12.713734609090093,49.71742782954025
2020,1,La Pampa,22.353438194199637,67.84501205801433
2020,1,La Rioja,4.811697327316904,18.075569745256516
2020,1,Mendoza,5.199356911562233,18.631623826626104
2020,1,Misiones,11.407472247642541,41.88150052588524
2020,1,Neuquén,11.847914035737782,39.802761942505256
2020,1,Río Negro,14.754032295980666,47.96766430976578
2020,1,Salta,13.186916223873936,54.448099202421844
2020,1,San Juan,3.8928005734568116,15.282085419913157
2020,1,San Luis,9.41469996187421,32.896635030198446
2020,1,Santa Cruz,11.944656599049853,40.1432595722599
2020,1,Santa Fe,19.02134654224345,60.491855896338265
2020,1,Santiago Del Estero,9.122872516097798,36.75940620247306
2020,1,Tierra Del Fuego,24.1215933401544,81.36201419663516
2020,1,Tucumán,6.540725056843159,26.40464352081046
2019,4,Buenos Aires,16.1925426483997,49.226387821048576
2019,4,Capital Federal,29.166438915958686,70.12918230954156
2019,4,Catamarca,9.926934894636247,39.02548055431381
2019,4,Chaco,9.545293235970725,35.71388402899275
2019,4,Chubut,11.40184598519427,37.19724748670843
2019,4,Córdoba,29.78921758111826,97.29754524842402
2019,4,Corrientes,9.843208855776181,37.381016438888004
2019,4,Entre Ríos,15.988808595648496,53.475942315903886
2019,4,Formosa,9.821234374403325,38.587690400861085
2019,4,Jujuy,12.416232242802142,48.55414305406647
2019,4,La Pampa,22.722927034415083,68.96619212539461
2019,4,La Rioja,4.859805904796046,18.25623563135467
2019,4,Mendoza,5.174468678732593,18.542467003917693
2019,4,Misiones,11.525598743024673,42.31523067052216
2019,4,Neuquén,11.653005920499616,39.14803166463623
2019,4,Río Negro,14.904068384545825,48.4555595474899
2019,4,Salta,13.37526149111107,55.225850534805424
2019,4,San Juan,3.802403809617042,14.927184466019417
2019,4,San Luis,9.595412147741841,33.52813283294789
2019,4,Santa Cruz,13.305106848159637,44.71568974841946
2019,4,Santa Fe,18.69484077500575,59.45353157500594
2019,4,Santiago Del Estero,9.24289211981363,37.24305667772958
2019,4,Tierra Del Fuego,24.320719729984265,82.03342343586607
2019,4,Tucumán,6.739038723209564,27.2052579817218
2019,3,Buenos Aires,15.735082573101673,47.9456944092478
2019,3,Capital Federal,28.07000643096863,67.41226318426354
2019,3,Catamarca,9.899957810613298,38.9190734915642
2019,3,Chaco,9.337152730109725,34.9349327403417
2019,3,Chubut,11.51759386671909,37.57415107044752
2019,3,Córdoba,29.6118873007508,96.71777604142942
2019,3,Corrientes,9.799339790433342,37.21432667103539
2019,3,Entre Ríos,15.728759583680205,52.60596893701563
2019,3,Formosa,9.82703774689879,38.61027585305269
2019,3,Jujuy,11.96941272270494,46.80646284274978
2019,3,La Pampa,23.206142901695028,70.4329362406092
2019,3,La Rioja,5.160773191108919,19.3867801615565
2019,3,Mendoza,5.265040856400836,18.86692064921717
2019,3,Misiones,11.48354303968043,42.16061859546865
2019,3,Neuquén,11.781826595649136,39.58045677231956
2019,3,Río Negro,15.070735967725362,48.996949531001384
2019,3,Salta,13.368564360474561,55.197797208430366
2019,3,San Juan,3.9751196617183244,15.605131065253765
2019,3,San Luis,9.850811541481548,34.420365353893175
2019,3,Santa Cruz,13.42295933324957,45.10992465258555
2019,3,Santa Fe,18.658073168066156,59.33642031178724
2019,3,Santiago Del Estero,9.244867914257672,37.25075604001196
2019,3,Tierra Del Fuego,25.231471943775713,85.10393297464711
2019,3,Tucumán,6.550271430623238,26.44303407658329
2019,2,Buenos Aires,15.482817858030794,47.28460849081255
2019,2,Capital Federal,26.38674973475574,63.29347106302164
2019,2,Catamarca,8.03974552753464,31.60554446365625
2019,2,Chaco,9.107807627366137,34.07589515592228
2019,2,Chubut,14.424207927062993,47.05453023285767
2019,2,Córdoba,28.602130819771926,93.41802054974971
2019,2,Corrientes,9.762921076074043,37.07504284204369
2019,2,Entre Ríos,15.422230416680938,51.579881252985736
2019,2,Formosa,10.187828023821115,40.02685618838633
2019,2,Jujuy,11.624884473197783,45.4580456377217
2019,2,La Pampa,23.40357239390936,71.03048118745888
2019,2,La Rioja,6.672663910340348,25.0656002788617
2019,2,Mendoza,7.096986269076512,25.430927759976697
2019,2,Misiones,11.354138246481247,41.68412183560619
2019,2,Neuquén,12.092550876255203,40.6227393760293
2019,2,Río Negro,14.747000698537141,47.94290401100645
2019,2,Salta,13.20145472143935,54.50599888925783
2019,2,San Juan,5.614659889273804,22.041067406876426
2019,2,San Luis,10.680819751569889,37.31953734671126
2019,2,Santa Cruz,14.762624616456678,49.60861888260455
2019,2,Santa Fe,17.196040963689825,54.68610713356192
2019,2,Santiago Del Estero,11.261939634366302,45.37753529632252
2019,2,Tierra Del Fuego,27.13439554581532,91.5158416237165
2019,2,Tucumán,7.022922574443971,28.350361229483273
2019,1,Buenos Aires,15.522698753736377,47.512969454287514
2019,1,Capital Federal,25.70049174455336,61.571859908092975
2019,1,Catamarca,8.065270336093521,31.7060327247312
2019,1,Chaco,9.009986790849508,33.7102348919346
2019,1,Chubut,14.981025279251387,48.87194136035356
2019,1,Córdoba,28.500938392800823,93.08827983573879
2019,1,Corrientes,9.149710804718483,34.7465674763023
2019,1,Entre Ríos,15.357773664457257,51.364570278239924
2019,1,Formosa,9.479239936577843,37.24300905868452
2019,1,Jujuy,11.571242380758042,45.2485752675717
2019,1,La Pampa,22.954117723408398,69.6671262556628
2019,1,La Rioja,6.706339354064511,25.192360004663275
2019,1,Mendoza,7.1571495084779775,25.646731114648286
2019,1,Misiones,11.06850448321871,40.6359776760786
2019,1,Neuquén,12.26350186562876,41.197667056177
2019,1,Río Negro,12.263605324144951,39.869928770517184
2019,1,Salta,12.475518843439835,51.50936276590727
2019,1,San Juan,5.724529654369981,22.47252299096674
2019,1,San Luis,10.714857284606582,37.4390124561379
2019,1,Santa Cruz,16.07136292555192,54.00938913597142
2019,1,Santa Fe,17.142940410233056,54.51750137659444
2019,1,Santiago Del Estero,11.318650798585635,45.60638706552421
2019,1,Tierra Del Fuego,27.330273588841866,92.17964697840858
2019,1,Tucumán,7.113114456281848,28.714714118709175
2018,4,Buenos Aires,15.466294079301788,47.44643662577078
2018,4,Capital Federal,24.464769241594627,58.539619685318634
2018,4,Catamarca,8.188058054783955,32.1888823851151
2018,4,Chaco,8.428852796416807,31.5359441027308
2018,4,Chubut,15.032885785774491,49.04138655234755
2018,4,Córdoba,28.56166392112294,93.28670600240817
2018,4,Corrientes,9.250776077890986,35.13046406311203
2018,4,Entre Ríos,15.248559805767806,50.99935351793988
2018,4,Formosa,9.856442987405693,38.725125809952964
2018,4,Jujuy,13.031039549648625,50.957150232318014
2018,4,La Pampa,23.018215956069064,69.8612267316621
2018,4,La Rioja,6.445443764871955,24.212383514641086
2018,4,Mendoza,5.995261280761708,21.48326830018229
2018,4,Misiones,11.122786374160974,40.83524688523133
2018,4,Neuquén,12.3036641165039,41.33266533066133
2018,4,Río Negro,12.458852554589058,40.50477834939433
2018,4,Salta,12.667203417632841,52.30094462945328
2018,4,San Juan,5.677963563633428,22.2897540229415
2018,4,San Luis,11.074608054844225,38.696127792659496
2018,4,Santa Cruz,16.205655088013888,54.460852765078336
2018,4,Santa Fe,17.152064091354916,54.54654707148398
2018,4,Santiago Del Estero,10.934580992932561,44.05904738778945
2018,4,Tierra Del Fuego,27.70319716873613,93.438808748255
2018,4,Tucumán,7.540207322625013,30.438909753900763
2018,3,Buenos Aires,15.664078659863826,48.16059499247745
2018,3,Capital Federal,24.62118410131694,58.84173480441824
2018,3,Catamarca,20.35037332054682,80.00096172340835
2018,3,Chaco,8.386046511627907,31.37566957858867
2018,3,Chubut,14.973213021054649,48.84591967644437
2018,3,Córdoba,29.188344909515013,95.33304008659334
2018,3,Corrientes,9.178096477426784,34.85431309684107
2018,3,Entre Ríos,15.191243676522717,50.80742353469626
2018,3,Formosa,10.048676211745716,39.48025921115953
2018,3,Jujuy,12.14948445418871,47.509513085345965
2018,3,La Pampa,23.593521968913386,71.60746538229982
2018,3,La Rioja,6.253368430096777,23.490635238886988
2018,3,Mendoza,6.017848757208458,21.56407583842862
2018,3,Misiones,10.954715383787345,40.217982355790234
2018,3,Neuquén,12.40148279101625,41.660922965304586
2018,3,Río Negro,13.04264444605781,42.40225876987891
2018,3,Salta,12.647848679988588,52.22056065892853
2018,3,San Juan,5.885494329295203,23.10436561024742
2018,3,San Luis,11.134085377025153,38.903427317237885
2018,3,Santa Cruz,16.26430097793768,54.656154942050755
2018,3,Santa Fe,18.09177783629566,57.5348064141229
2018,3,Santiago Del Estero,11.342008298547702,45.700290047305835
2018,3,Tierra Del Fuego,27.94791459152073,94.26232846031682
2018,3,Tucumán,7.5899406427950975,30.6394387530226
2018,2,Buenos Aires,15.498218831352922,47.75623321358064
2018,2,Capital Federal,24.211823711902433,57.791983965129134
2018,2,Catamarca,19.24593347423757,75.65736206963025
2018,2,Chaco,9.198601722326744,34.41490880253767
2018,2,Chubut,12.506715357541536,40.797842429668776
2018,2,Córdoba,30.27889387915785,98.89321125795728
2018,2,Corrientes,9.122472480979134,34.64225313222656
2018,2,Entre Ríos,15.53938787595679,51.970958440357045
2018,2,Formosa,8.754067210923246,34.39300248401247
2018,2,Jujuy,11.937926446982159,46.68113451464351
2018,2,La Pampa,23.44421377878627,71.15324943975176
2018,2,La Rioja,5.973264644490829,22.43800476924134
2018,2,Mendoza,4.5773548633561045,16.401845773414387
2018,2,Misiones,10.954749966923083,40.21693783896537
2018,2,Neuquén,12.193577846744422,40.960685520561974
2018,2,Río Negro,12.048956142882668,39.1706283957678
2018,2,Salta,12.186565211090612,50.31448600217298
2018,2,San Juan,6.274238698645383,24.62993421052632
2018,2,San Luis,11.562023450044942,40.39760337052484
2018,2,Santa Cruz,15.378316740620289,51.67509542909182
2018,2,Santa Fe,17.687947265947226,56.24984004299644
2018,2,Santiago Del Estero,10.067149844737527,40.562925055551815
2018,2,Tierra Del Fuego,24.966584038106348,84.20006556839603
2018,2,Tucumán,7.201419747707976,29.070298550844992
2018,1,Buenos Aires,15.487430241840732,47.827203389418194
2018,1,Capital Federal,24.18035580063295,57.64465074625473
2018,1,Catamarca,21.873279726329034,85.98603047019158
2018,1,Chaco,9.328843827595499,34.90244096366383
2018,1,Chubut,12.241450315596607,39.9334305736815
2018,1,Córdoba,30.08603770295541,98.26412891941114
2018,1,Corrientes,9.644238600275848,36.62388431467515
2018,1,Entre Ríos,15.50808882032783,51.866539411023396
2018,1,Formosa,8.849139943140358,34.76677591286788
2018,1,Jujuy,11.80515331999132,46.16233722280365
2018,1,La Pampa,23.85727134042214,72.40726983743068
2018,1,La Rioja,6.227588231593516,23.393528820969298
2018,1,Mendoza,4.548068601248933,16.29704654427785
2018,1,Misiones,10.937295207082528,40.15319967961362
2018,1,Neuquén,11.967034622654843,40.20025253315802
2018,1,Río Negro,12.41369039000153,40.35686265719217
2018,1,Salta,12.691535094603852,52.39998088616517
2018,1,San Juan,4.916226936312515,19.29914080579737
2018,1,San Luis,12.55678893765679,43.873859203194584
2018,1,Santa Cruz,15.425334323922733,51.83538131460893
2018,1,Santa Fe,17.9561918925971,57.103173512845174
2018,1,Santiago Del Estero,10.093089158867347,40.6678819180718
2018,1,Tierra Del Fuego,24.64350357107915,83.1154099983501
2018,1,Tucumán,7.13660991909997,28.809020367861265
2017,4,Buenos Aires,15.54273977162671,48.102505013847946
2017,4,Capital Federal,24.151548543382116,57.50390674756663
2017,4,Catamarca,7.2394656919132085,28.45924434029862
2017,4,Chaco,8.644288094639455,32.34131159877807
2017,4,Chubut,11.99529291793503,39.13045872873374
2017,4,Córdoba,28.42396005255897,92.83570852571559
2017,4,Corrientes,9.664470956914295,36.700740658548085
2017,4,Entre Ríos,15.490007376757154,51.80623709874788
2017,4,Formosa,8.29049060274824,32.57201250141006
2017,4,Jujuy,11.618851254987634,45.434037931322585
2017,4,La Pampa,23.981550678585894,72.7846457510908
2017,4,La Rioja,6.235369619307631,23.422880460019957
2017,4,Mendoza,5.88183365521471,21.076329410371862
2017,4,Misiones,10.898745401192384,40.01169012184704
2017,4,Neuquén,12.028197858820558,40.40587024927093
2017,4,Río Negro,12.572383705243174,40.87285878796603
2017,4,Salta,12.80547679163821,52.870584005034004
2017,4,San Juan,5.199842532747527,20.412551232950346
2017,4,San Luis,12.74301524925136,44.524790453189375
2017,4,Santa Cruz,14.6666939321615,49.28631731883062
2017,4,Santa Fe,18.149531609910213,57.71804258388618
2017,4,Santiago del Estero,10.11474507860374,40.75510972529541
2017,4,Tierra del Fuego,24.66949778434269,83.20290607161391
2017,4,Tucumán,7.145553397585373,28.8451849321297
2017,3,Buenos Aires,15.110682648167344,46.78604931525656
2017,3,Capital Federal,23.10257307437214,54.92457768654051
2017,3,Catamarca,10.081521537559992,39.570895368550545
2017,3,Chaco,7.729473148056995,28.867805154434507
2017,3,Chubut,11.933886209172115,38.814948150550904
2017,3,Córdoba,28.098732594468363,91.61119850330222
2017,3,Corrientes,8.591688986908514,32.576224379469295
2017,3,Entre Ríos,12.271763878210741,40.97704883082014
2017,3,Formosa,8.370005221082323,32.83585013228929
2017,3,Jujuy,11.360452571747544,44.33760253028569
2017,3,La Pampa,28.54116387393036,86.49537969555549
2017,3,La Rioja,6.339158887651536,23.75836280816683
2017,3,Mendoza,5.897151071615264,21.09284571799935
2017,3,Misiones,10.265259019126646,37.61168980232876
2017,3,Neuquén,17.24294692222921,57.789004684511966
2017,3,Río Negro,8.05528730418036,26.128358056914642
2017,3,Salta,18.602580634803175,76.63445365521129
2017,3,San Juan,5.228877477863581,20.488116683556193
2017,3,San Luis,12.799223261280595,44.62342302137149
2017,3,Santa Cruz,14.156884522452163,47.3605717595783
2017,3,Santa Fe,17.834312097783403,56.63931281052547
2017,3,Santiago del Estero,10.32892766291348,41.54428637203379
2017,3,Tierra del Fuego,24.84320557491289,83.42068960690177
2017,3,Tucumán,10.989833487556854,44.271301988600165
2017,2,Buenos Aires,15.174589326288235,47.16633327045598
2017,2,Capital Federal,23.142977086478044,54.9641893012921
2017,2,Catamarca,10.008908245075721,39.34553802455205
2017,2,Chaco,7.835901460679548,29.31607054705381
2017,2,Chubut,12.376976299733258,40.37326784384758
2017,2,Córdoba,27.995087434711234,91.43292193543238
2017,2,Corrientes,8.534136454080018,32.40751062495646
2017,2,Entre Ríos,12.068718374537571,40.36285234532574
2017,2,Formosa,8.123852790793148,31.916396742245503
2017,2,Jujuy,11.35863623298582,44.4150332976198
2017,2,La Pampa,28.44516387806555,86.329527767875
2017,2,La Rioja,6.385852294394305,23.987346808849278
2017,2,Mendoza,5.87807521494582,21.06223461338878
2017,2,Misiones,10.104512732484364,37.094614967135016
2017,2,Neuquén,17.37093549207266,58.35051111591445
2017,2,Río Negro,8.11339811235329,26.375497597492878
2017,2,Salta,18.73206848005003,77.33689258890598
2017,2,San Juan,5.378234706104318,21.112346936654124
2017,2,San Luis,11.232706281500095,39.24628935853805
2017,2,Santa Cruz,14.843629732258103,49.87516288508023
2017,2,Santa Fe,17.932952978539635,57.028405153985645
2017,2,Santiago del Estero,10.263655968914838,41.35448034161861
2017,2,Tierra del Fuego,24.25406406475067,81.79332968835429
2017,2,Tucumán,10.980516846966394,44.32477748953292
2017,1,Buenos Aires,15.225773753026612,47.425765412753925
2017,1,Capital Federal,23.288865202160675,55.24012393493416
2017,1,Catamarca,7.355257316192976,28.913935824810114
2017,1,Chaco,7.568439663304176,28.31567714895477
2017,1,Chubut,12.462465288412018,40.65301110677011
2017,1,Córdoba,28.158151345916767,91.9662855175006
2017,1,Corrientes,8.582173957021084,32.59015088291472
2017,1,Entre Ríos,11.953232953733263,39.97689312072349
2017,1,Formosa,8.280044682554932,32.53019291401699
2017,1,Jujuy,11.331058572181009,44.30772472280018
2017,1,La Pampa,29.339608284543576,89.04488017429193
2017,1,La Rioja,6.487760546762896,24.370645425325904
2017,1,Mendoza,6.072814225142592,21.760222018721638
2017,1,Misiones,10.161148950332315,37.302933802693374
2017,1,Neuquén,17.448354722258973,58.61149469072902
2017,1,Río Negro,7.336265174093189,23.849579640990683
2017,1,Salta,12.515577488659588,51.67231115186843
2017,1,San Juan,5.757881137980161,22.60282183455731
2017,1,San Luis,11.723693341162269,40.96236890808143
2017,1,Santa Cruz,14.997556090698838,50.39508076873003
2017,1,Santa Fe,17.500185086526137,55.652449293132236
2017,1,Santiago del Estero,10.325904036544603,41.60561217962386
2017,1,Tierra del Fuego,24.30640990233247,81.97463959863673
2017,1,Tucumán,7.691716759272176,31.049299408565872
2016,4,Buenos Aires,15.057898413616421,49.41328043035559
2016,4,Capital Federal,23.290277406393074,61.32690852543333
2016,4,Catamarca,7.518256555139039,29.57745297151782
2016,4,Chaco,7.645690187008479,28.629838842745517
2016,4,Chubut,12.59312236564577,41.13946143288374
2016,4,Córdoba,27.984716653634784,91.48014658298436
2016,4,Corrientes,8.651234667863472,32.87799978998783
2016,4,Entre Ríos,11.684097808224722,39.108046260977005
2016,4,Formosa,7.918558228164224,31.133208849200095
2016,4,Jujuy,11.099706466162147,43.44496172367788
2016,4,La Pampa,29.05159290680578,88.23564022073022
2016,4,La Rioja,6.897411760919762,25.93860517777111
2016,4,Mendoza,6.134988948871159,22.00301083004995
2016,4,Misiones,10.232672469776164,37.60259635811478
2016,4,Neuquén,17.62212254152906,59.26405912562182
2016,4,Río Negro,7.62049607857799,24.80153189348959
2016,4,Salta,12.792722420218391,52.874984392079966
2016,4,San Juan,5.330787919003382,20.94568898144674
2016,4,San Luis,11.254649997100225,39.36618031793266
2016,4,Santa Cruz,15.454675127997355,52.044368592072054
2016,4,Santa Fe,18.01465179224067,57.326996188138175
2016,4,Santiago del Estero,10.448785802076305,42.13761321560546
2016,4,Tierra del Fuego,24.731485090314298,83.58589327641103
2016,4,Tucumán,7.698162228629369,31.107499484260977
2016,3,Buenos Aires,14.969436442377548,49.1229878495333
2016,3,Capital Federal,23.430088764030987,61.69505348957718
2016,3,Catamarca,7.428159270037287,29.223002681957404
2016,3,Chaco,7.803859575348072,29.222115535530264
2016,3,Chubut,12.588273595328557,41.123621374027
2016,3,Córdoba,28.039533735935272,91.65933991862418
2016,3,Corrientes,8.58581138291129,32.62936629066682
2016,3,Entre Ríos,11.651051451154713,38.997436226529935
2016,3,Formosa,7.93190036502718,31.185665814405148
2016,3,Jujuy,11.478910910715207,44.92919219673402
2016,3,La Pampa,26.252560003004124,79.73440378050833
2016,3,La Rioja,6.597046226792069,24.80904190551699
2016,3,Mendoza,6.100065808620142,21.877759710680962
2016,3,Misiones,10.173296063219679,37.3844024253437
2016,3,Neuquén,17.636751328118912,59.3132564496873
2016,3,Río Negro,7.689486017897881,25.026065331041266
2016,3,Salta,12.75847376760329,52.733427582435496
2016,3,San Juan,5.666579262810908,22.265077626600235
2016,3,San Luis,11.201004150821465,39.1785394709528
2016,3,Santa Cruz,15.536010731443799,52.318270184332434
2016,3,Santa Fe,17.94187740975743,57.0954104325363
2016,3,Santiago del Estero,10.560606496686418,42.58856103559475
2016,3,Tierra del Fuego,24.65800688778281,83.33755634183105
2016,3,Tucumán,7.771048345311613,31.402024952777424
2016,2,Buenos Aires,14.94442031371401,49.040896116213105
2016,2,Capital Federal,23.468433099431795,61.79602006496664
2016,2,Catamarca,7.397710880058301,29.103216157507624
2016,2,Chaco,8.161125113889748,30.559922135370652
2016,2,Chubut,12.612517446914623,41.20282166831068
2016,2,Córdoba,27.88334525611805,91.14877033862463
2016,2,Corrientes,8.579426366416664,32.60510078648981
2016,2,Entre Ríos,11.623175612537834,38.90413252400315
2016,2,Formosa,7.93378194843093,31.193063591549453
2016,2,Jujuy,11.580195019428627,45.325624682555684
2016,2,La Pampa,25.895242799495076,78.6491582204924
2016,2,La Rioja,6.539654955092671,24.59321463742558
2016,2,Mendoza,6.091046619246006,21.84541257474783
2016,2,Misiones,10.152701169756732,37.30872117313779
2016,2,Neuquén,17.653924251507004,59.371009830112
2016,2,Río Negro,7.724756948020525,25.140857477028835
2016,2,Salta,12.896503974471068,53.303935156510164
2016,2,San Juan,5.674204803287812,22.295039838860692
2016,2,San Luis,11.177184566566417,39.095224036965604
2016,2,Santa Cruz,15.69777146516378,52.86300730625326
2016,2,Santa Fe,17.958779281982782,57.149196293945636
2016,2,Santiago del Estero,10.56124608121231,42.591140336757704
2016,2,Tierra del Fuego,24.334702796644283,82.24487382967914
2016,2,Tucumán,7.727787708029124,31.227213067552526
2016,1,Buenos Aires,14.863137193544258,48.7741613102743
2016,1,Capital Federal,23.536753356028296,61.97591788471428
2016,1,Catamarca,7.289394476362565,28.6770903246289
2016,1,Chaco,7.908728994750472,29.614806646938973
2016,1,Chubut,11.817492285260085,38.60561773219362
2016,1,Córdoba,27.69707254044042,90.53985742571197
2016,1,Corrientes,8.552683326315984,32.503467008125206
2016,1,Entre Ríos,11.55895627464895,38.68918286522506
2016,1,Formosa,7.931729311990475,31.18499328921021
2016,1,Jujuy,11.519913324698388,45.089678270082736
2016,1,La Pampa,25.88311076833309,78.61231075604562
2016,1,La Rioja,6.496745593074429,24.43184845567499
2016,1,Mendoza,6.092147799344011,21.849361934367575
2016,1,Misiones,10.05362976692892,36.94465773006661
2016,1,Neuquén,17.657899465254246,59.38437866817328
2016,1,Río Negro,7.74549625493264,25.20835525886952
2016,1,Salta,12.613490270571752,52.13418061288226
2016,1,San Juan,5.646512051029582,22.186229699599032
2016,1,San Luis,11.388661049387318,39.83492019436497
2016,1,Santa Cruz,16.515679865492764,55.6173535418567
2016,1,Santa Fe,17.83048268711161,56.74092537703018
2016,1,Santiago del Estero,10.54141896090966,42.51118200070622
2016,1,Tierra del Fuego,24.83882716009942,83.9486811460583
2016,1,Tucumán,8.006874598692512,32.354975129397396
2015,4,Buenos Aires,15.035812573293372,49.34080459133439
2015,4,Capital Federal,23.470967011070087,61.802692246861895
2015,4,Catamarca,7.396414668867081,29.09811675377389
2015,4,Chaco,7.944272267081642,29.74790099602913
2015,4,Chubut,12.143998645316286,39.67225517262425
2015,4,Córdoba,27.870808099664373,91.10778722186434
2015,4,Corrientes,8.820190547733636,33.52009673870697
2015,4,Entre Ríos,11.689060590352009,39.124657275040946
2015,4,Formosa,8.007768666378938,31.483955427609864
2015,4,Jujuy,11.897276649536948,46.566702482706006
2015,4,La Pampa,25.40693064689147,77.16605415970074
2015,4,La Rioja,6.839566201105164,25.721069500719132
2015,4,Mendoza,6.198877675544178,22.232146425341178
2015,4,Misiones,10.021388108413497,36.82617743328658
2015,4,Neuquén,17.92769606854432,60.29171782732361
2015,4,Río Negro,8.091587324753819,26.33473713974881
2015,4,Salta,12.971241933004091,53.61284269480594
2015,4,San Juan,5.986665024717204,23.52275602576869
2015,4,San Luis,11.446181492218972,40.036113490030424
2015,4,Santa Cruz,17.163594606654623,57.79923787950792
2015,4,Santa Fe,18.05760769876487,57.46369231293555
2015,4,Santiago del Estero,10.76622378910825,43.41776952954139
2015,4,Tierra del Fuego,24.742477858676313,83.62304593262105
2015,4,Tucumán,7.859986766092569,31.761416168032056
2015,3,Buenos Aires,15.040740564891896,49.35697605325607
2015,3,Capital Federal,23.436523394974966,61.711996869701174
2015,3,Catamarca,7.329142468411041,28.83346226497236
2015,3,Chaco,8.109597524844713,30.366973358447733
2015,3,Chubut,12.139236085387408,39.656696747570706
2015,3,Córdoba,27.64413253078914,90.36680011364597
2015,3,Corrientes,8.62986705385398,32.79679468622081
2015,3,Entre Ríos,11.625038311204278,38.910367194990414
2015,3,Formosa,8.012775140267587,31.503639263060993
2015,3,Jujuy,11.78611668361318,46.131615259500066
2015,3,La Pampa,25.09998367613451,76.23379331722523
2015,3,La Rioja,7.010344602532306,26.363303672181562
2015,3,Mendoza,6.2305925429755025,22.345891140674922
2015,3,Misiones,9.964891218264638,36.6185650268472
2015,3,Neuquén,17.960128762636245,60.40079056221904
2015,3,Río Negro,8.172002392419808,26.59645459814914
2015,3,Salta,12.77294664251724,52.79324698678492
2015,3,San Juan,5.8969442147669895,23.170225741515324
2015,3,San Luis,11.489007055721515,40.18590747344995
2015,3,Santa Cruz,17.15142494281818,57.75825594587945
2015,3,Santa Fe,18.05590057724254,57.45825983774081
2015,3,Santiago del Estero,10.731529139734317,43.277853778212716
2015,3,Tierra del Fuego,24.326240669130826,82.21627407173317
2015,3,Tucumán,7.7017825596185014,31.122128877748985
2015,2,Buenos Aires,15.141713372042178,49.688323595821856
2015,2,Capital Federal,22.698670417484784,59.76911567227337
2015,2,Catamarca,7.185275702641757,28.267478320756364
2015,2,Chaco,7.998418475841081,29.950655383509083
2015,2,Chubut,12.12900540109574,39.62327494560385
2015,2,Córdoba,27.441786675501604,89.70534519411727
2015,2,Corrientes,8.562688559941623,32.541490721695745
2015,2,Entre Ríos,11.645243924126788,38.977997752169486
2015,2,Formosa,8.00276219249029,31.464271592158735
2015,2,Jujuy,11.476407705625325,44.91939449175448
2015,2,La Pampa,24.15873793199944,73.37503713455344
2015,2,La Rioja,6.9080951137797495,25.978781302006603
2015,2,Mendoza,6.18938442927293,22.198099094162682
2015,2,Misiones,9.77749305138695,35.92992208941655
2015,2,Neuquén,17.94883379454453,60.36280503265347
2015,2,Río Negro,8.32825373386333,27.104987453261533
2015,2,Salta,12.68699868378126,52.43800618444298
2015,2,San Juan,5.895455634209746,23.164376822772056
2015,2,San Luis,11.663248318991668,40.795363386382334
2015,2,Santa Cruz,16.898670386215205,56.90709270898029
2015,2,Santa Fe,18.001419854176504,57.28488894833628
2015,2,Santiago del Estero,10.635957232918543,42.892433680608576
2015,2,Tierra del Fuego,23.672341235712363,80.00626654264116
2015,2,Tucumán,7.626761120437346,30.81897478572983
2015,1,Buenos Aires,15.020464370470682,49.29043866181705
2015,1,Capital Federal,22.59707484643615,59.50159879458352
2015,1,Catamarca,7.079454263722144,27.851167888933738
2015,1,Chaco,8.014076264803826,30.009287104605875
2015,1,Chubut,12.093550788291862,39.50745111464974
2015,1,Córdoba,27.320614611170253,89.30924190874222
2015,1,Corrientes,8.447298518242372,32.10296444048789
2015,1,Entre Ríos,11.501685692988199,38.49749150884105
2015,1,Formosa,7.995856711264566,31.437121474295104
2015,1,Jujuy,11.00002748083212,43.054811793540665
2015,1,La Pampa,23.69642274147661,71.97089117428169
2015,1,La Rioja,6.948886133228908,26.132181183725336
2015,1,Mendoza,6.140539290637061,22.02291701586439
2015,1,Misiones,9.60766608992758,35.305849081964816
2015,1,Neuquén,17.940120533445207,60.333501909845744
2015,1,Río Negro,8.22709100639028,26.7757450278362
2015,1,Salta,12.616575356335288,52.14693191446124
2015,1,San Juan,5.946067373156021,23.363240060043186
2015,1,San Luis,11.67269513447017,40.82840617684253
2015,1,Santa Cruz,17.011941872692834,57.28853993736843
2015,1,Santa Fe,17.78741156816183,56.60386261831987
2015,1,Santiago del Estero,10.585854711307116,42.690381431019034
2015,1,Tierra del Fuego,23.240347433313417,78.54624148828118
2015,1,Tucumán,7.49159697101724,30.272790049230043
2014,4,Buenos Aires,15.129925081401,49.64963970413615
2014,4,Capital Federal,22.64192030182056,59.619683826039235
2014,4,Catamarca,7.186431536958645,28.27202547007211
2014,4,Chaco,8.049032025246593,30.14018147301786
2014,4,Chubut,12.291688761304217,40.154732167152716
2014,4,Córdoba,27.666097899870405,90.438603420007
2014,4,Corrientes,8.606048482972836,32.70627500914654
2014,4,Entre Ríos,11.60812969601541,38.85377207606302
2014,4,Formosa,8.11922840318356,31.922179049161674
2014,4,Jujuy,11.033963817733955,43.18764078881517
2014,4,La Pampa,23.458126774445052,71.2471374964542
2014,4,La Rioja,7.2632754650377125,27.3144827531483
2014,4,Mendoza,6.231808087631297,22.350250666413064
2014,4,Misiones,9.586289804877135,35.22729640466944
2014,4,Neuquén,25.35265026234788,85.26220156500095
2014,4,Río Negro,8.427242757373275,27.427155380175023
2014,4,Salta,12.690324828139095,52.451753831365004
2014,4,San Juan,5.883013329536369,23.115488619403138
2014,4,San Luis,11.76639589349825,41.15614990736984
2014,4,Santa Cruz,14.131593480689947,47.588826928492935
2014,4,Santa Fe,19.352934455008583,61.58573657301684
2014,4,Santiago del Estero,10.71004969792419,43.19123199954624
2014,4,Tierra del Fuego,23.450989921899787,79.2581575137911
2014,4,Tucumán,7.634945824494897,30.852048351820986
2014,3,Buenos Aires,15.04803701398913,49.38091973221341
2014,3,Capital Federal,22.608370837349376,59.53134288862573
2014,3,Catamarca,7.007082383588408,27.566450831805238
2014,3,Chaco,7.571855143427253,28.353358191950957
2014,3,Chubut,12.30804628279818,40.20816924217664
2014,3,Córdoba,27.654762238759062,90.40154791028304
2014,3,Corrientes,8.473197740027702,32.20139138659552
2014,3,Entre Ríos,11.510979981502572,38.5286005829988
2014,3,Formosa,8.090996701073328,31.811181131025503
2014,3,Jujuy,10.28914935372915,40.2723892928791
2014,3,La Pampa,22.92678621338943,69.63334734283404
2014,3,La Rioja,6.7825871126983905,25.506792300980724
2014,3,Mendoza,6.273067680218306,22.498227340878376
2014,3,Misiones,9.863163684227555,36.2447409440183
2014,3,Neuquén,25.359202816287684,85.28423812405887
2014,3,Río Negro,8.443501196882444,27.480069810136946
2014,3,Salta,12.678002869038872,52.40082460975738
2014,3,San Juan,5.853303906857537,22.99875459495793
2014,3,San Luis,11.667436351989512,40.810012163751274
2014,3,Santa Cruz,14.040405337717214,47.28174643118103
2014,3,Santa Fe,19.41217410402257,61.774251520315126
2014,3,Santiago del Estero,10.651453416500845,42.95492631874656
2014,3,Tierra del Fuego,23.642696583706282,79.90607544171249
2014,3,Tucumán,7.614783059461076,30.770572645767626
2014,2,Buenos Aires,15.038077162327193,49.34823595857531
2014,2,Capital Federal,22.704460701377297,59.784362386789546
2014,2,Catamarca,6.965870237707587,27.404318787267318
2014,2,Chaco,7.582292005717278,28.39243977622638
2014,2,Chubut,12.327100099043895,40.27041462627044
2014,2,Córdoba,27.607265818702537,90.24628532453971
2014,2,Corrientes,8.343083269486977,31.70690664547488
2014,2,Entre Ríos,11.321878176856814,37.895654655507954
2014,2,Formosa,8.112780421837396,31.89682767279724
2014,2,Jujuy,10.01208671837946,39.18794840027318
2014,2,La Pampa,22.575207049235793,68.56552938404329
2014,2,La Rioja,6.914135216006398,26.001495884276153
2014,2,Mendoza,6.238890358400458,22.37565108387655
2014,2,Misiones,9.737071982100257,35.781384436399705
2014,2,Neuquén,25.352158820802394,85.2605488230716
2014,2,Río Negro,8.433630001466163,27.44794319194578
2014,2,Salta,12.627650171974997,52.19270643257066
2014,2,San Juan,5.770199669225967,22.672222093399224
2014,2,San Luis,11.853224910563984,41.45985786306097
2014,2,Santa Cruz,14.945543982224734,50.3298447478088
2014,2,Santa Fe,19.29485229412664,61.400905034007444
2014,2,Santiago del Estero,10.548310891393209,42.53897561295232
2014,2,Tierra del Fuego,23.440864570043807,79.22393649647131
2014,2,Tucumán,7.643087256432844,30.884947059628022
2014,1,Buenos Aires,14.343400269079869,47.06861743601455
2014,1,Capital Federal,22.67589610357241,59.70914737556065
2014,1,Catamarca,4.639927955063497,18.25386642177228
2014,1,Chaco,7.7933288991409935,29.182682658270053
2014,1,Chubut,12.343817126504758,40.32502614250368
2014,1,Córdoba,14.481958870254006,47.340544364150816
2014,1,Corrientes,5.760891307711759,21.893589814257766
2014,1,Entre Ríos,8.34195782280687,27.921511596026082
2014,1,Formosa,5.23035849033587,20.56407726556105
2014,1,Jujuy,8.976022676853447,35.13272741180859
2014,1,La Pampa,19.939393047853013,60.56002219341039
2014,1,La Rioja,6.924339156933853,26.039869118200535
2014,1,Mendoza,5.73733681938439,20.576839701689625
2014,1,Misiones,8.447548065543845,31.042695939174045
2014,1,Neuquén,17.337566283178447,58.30708252534491
2014,1,Río Negro,5.825311777352285,18.958956785197035
2014,1,Salta,9.364688916169605,38.7062084217957
2014,1,San Juan,5.751716848665404,22.599599543629164
2014,1,San Luis,3.5899967864751035,12.556984079788418
2014,1,Santa Cruz,6.785489526206958,22.85046531581935
2014,1,Santa Fe,16.220356061156924,51.61711149413926
2014,1,Santiago del Estero,10.126047354072933,40.83608132956874
2014,1,Tierra del Fuego,20.173751037848564,68.18195490795202
2014,1,Tucumán,7.0952579339208315,28.67122385383119
